the,5.714591
and,3.038767
to,2.558400
a,2.446315
she,1.885886
it,1.780917
of,1.745334
said,1.645702
you,1.446439
alice,1.419752
i,1.394844
in,1.355703
was,1.256071
as,1.015888
that,0.974968
her,0.910919
at,0.781042
on,0.754354
with,0.704539
all,0.636931
so,0.608465
for,0.606686
but,0.592453
he,0.576441
had,0.556870
be,0.523067
very,0.510613
they,0.469692
this,0.439447
his,0.432330
little,0.432330
one,0.423435
queen,0.421656
if,0.410981
what,0.405643
out,0.402085
is,0.393189
not,0.386073
up,0.371840
like,0.357607
know,0.341594
do,0.325582
its,0.323803
then,0.322024
have,0.311349
there,0.307791
went,0.304233
would,0.297116
down,0.297116
were,0.297116
them,0.295337
about,0.284662
when,0.273987
thought,0.273987
herself,0.273987
me,0.266871
could,0.261533
see,0.259754
no,0.254417
only,0.249079
again,0.247300
into,0.245521
your,0.233067
my,0.233067
time,0.231288
off,0.225951
'i,0.224171
or,0.220613
just,0.218834
are,0.213497
*,0.213497
now,0.209938
way,0.209938
quite,0.208159
king,0.208159
by,0.206380
an,0.199263
got,0.197484
did,0.193926
more,0.192147
how,0.192147
go,0.186809
some,0.186809
head,0.181472
much,0.181472
can,0.181472
well,0.179693
him,0.179693
never,0.177914
looked,0.177914
began,0.176135
which,0.176135
other,0.176135
say,0.174356
think,0.172576
from,0.172576
white,0.172576
get,0.169018
round,0.169018
here,0.165460
over,0.160122
must,0.160122
great,0.158343
came,0.158343
two,0.156564
who,0.154785
been,0.149448
after,0.147668
voice,0.145889
come,0.142331
dont,0.142331
last,0.142331
their,0.140552
first,0.140552
make,0.138773
any,0.136994
such,0.135214
cried,0.135214
things,0.133435
thing,0.129877
looking,0.126319
tone,0.126319
red,0.126319
moment,0.124540
',0.124540
long,0.124540
eyes,0.120981
back,0.120981
im,0.115644
before,0.113865
put,0.113865
tell,0.112086
oh,0.112086
rather,0.110307
look,0.108527
large,0.106748
should,0.104969
than,0.103190
too,0.103190
nothing,0.101411
took,0.101411
why,0.101411
through,0.099632
'and,0.099632
mock,0.099632
away,0.099632
knight,0.099632
next,0.099632
we,0.096073
don't,0.096073
course,0.094294
seemed,0.094294
turtle,0.094294
another,0.094294
humpty,0.094294
dumpty,0.092515
good,0.092515
made,0.092515
gryphon,0.092515
will,0.090736
hands,0.090736
might,0.088957
going,0.088957
getting,0.087178
till,0.087178
while,0.087178
hatter,0.085399
once,0.085399
poor,0.085399
take,0.085399
found,0.083619
however,0.083619
replied,0.083619
hand,0.083619
side,0.081840
it',0.081840
dear,0.081840
thats,0.080061
asked,0.080061
door,0.078282
without,0.078282
shall,0.076503
right,0.076503
always,0.076503
added,0.076503
minute,0.076503
old,0.074724
soon,0.074724
better,0.074724
because,0.074724
same,0.074724
upon,0.072945
sure,0.072945
being,0.072945
rabbit,0.072945
something,0.072945
heard,0.071166
ever,0.071166
felt,0.071166
three,0.071166
wish,0.071166
'you,0.069386
'but,0.069386
find,0.069386
really,0.069386
i'm,0.069386
didnt,0.067607
cant,0.067607
under,0.067607
mouse,0.067607
help,0.067607
day,0.065828
anything,0.065828
couldnt,0.065828
ill,0.065828
feet,0.064049
name,0.064049
'what,0.064049
dormouse,0.062270
spoke,0.062270
even,0.062270
table,0.060491
wood,0.060491
turned,0.060491
sort,0.060491
face,0.060491
youre,0.060491
though,0.060491
hear,0.058712
it's,0.058712
many,0.058712
half,0.058712
house,0.058712
cat,0.058712
ought,0.058712
may,0.058712
use,0.058712
both,0.058712
march,0.058712
duchess,0.058712
enough,0.056932
suppose,0.056932
talking,0.056932
yet,0.056932
tweedledum,0.056932
where,0.056932
remarked,0.056932
still,0.056932
end,0.055153
gave,0.055153
suddenly,0.055153
every,0.055153
please,0.055153
tried,0.055153
let,0.053374
answer,0.053374
'it,0.053374
sat,0.053374
hare,0.053374
set,0.053374
keep,0.053374
wonder,0.053374
called,0.053374
mean,0.053374
best,0.051595
theres,0.051595
am,0.051595
done,0.049816
beginning,0.049816
among,0.049816
saying,0.049816
speak,0.049816
each,0.049816
silence,0.049816
words,0.049816
talk,0.049816
saw,0.049816
caterpillar,0.048037
air,0.048037
hair,0.048037
can't,0.048037
afraid,0.046258
sitting,0.046258
seen,0.046258
itself,0.046258
try,0.046258
i'll,0.046258
that',0.046258
begin,0.046258
us,0.046258
ran,0.046258
curious,0.044478
turn,0.044478
turning,0.044478
close,0.044478
remember,0.044478
far,0.044478
people,0.044478
tree,0.044478
idea,0.044478
youve,0.044478
word,0.044478
mind,0.042699
tweedledee,0.042699
thinking,0.042699
chapter,0.042699
question,0.042699
youll,0.042699
room,0.042699
has,0.042699
happened,0.042699
repeated,0.042699
want,0.042699
kitty,0.042699
remark,0.042699
own,0.042699
'it's,0.042699
give,0.040920
bit,0.040920
hastily,0.040920
hardly,0.040920
whether,0.040920
mouth,0.040920
stood,0.040920
'oh,0.040920
else,0.040920
left,0.040920
trying,0.040920
wouldnt,0.040920
ive,0.040920
behind,0.040920
garden,0.039141
knew,0.039141
won't,0.039141
ask,0.039141
kitten,0.039141
looking-glass,0.039141
youd,0.039141
'well,0.039141
near,0.039141
anxiously,0.039141
kept,0.039141
believe,0.037362
interrupted,0.037362
'the,0.037362
along,0.037362
hold,0.037362
glad,0.037362
unicorn,0.037362
frightened,0.037362
shook,0.037362
'if,0.037362
know',0.037362
alices,0.037362
having,0.035583
top,0.035583
tears,0.035583
i've,0.035583
_i_,0.035583
eat,0.035583
these,0.035583
himself,0.035583
child,0.035583
ear,0.035583
call,0.035583
certainly,0.035583
alice:,0.035583
nearly,0.035583
'i'm,0.035583
most,0.035583
leave,0.035583
deal,0.035583
you',0.035583
soup,0.035583
live,0.035583
nice,0.035583
song,0.033804
open,0.033804
everything,0.033804
dinah,0.033804
perhaps,0.033804
coming,0.033804
gone,0.033804
exactly,0.033804
walked,0.033804
puzzled,0.033804
queens,0.033804
breath,0.033804
those,0.033804
dream,0.033804
fast,0.033804
nobody,0.033804
makes,0.033804
does,0.033804
running,0.033804
place,0.032024
fall,0.032024
beautiful,0.032024
lion,0.032024
arms,0.032024
rest,0.032024
walking,0.032024
times,0.032024
horse,0.032024
whole,0.032024
goes,0.032024
loud,0.032024
used,0.032024
fell,0.032024
arm,0.032024
five,0.032024
'why,0.032024
low,0.032024
conversation,0.032024
that's,0.032024
sheep,0.032024
full,0.032024
surprised,0.032024
you're,0.030245
yourself,0.030245
gently,0.030245
hard,0.030245
least,0.030245
shut,0.030245
putting,0.030245
our,0.030245
it:,0.030245
together,0.030245
hope,0.030245
almost,0.030245
sometimes,0.030245
there's,0.030245
jury,0.030245
hadnt,0.030245
ready,0.030245
lying,0.028466
game,0.028466
high,0.028466
few,0.028466
isnt,0.028466
happen,0.028466
four,0.028466
doesn't,0.028466
court,0.028466
'how,0.028466
sudden,0.028466
run,0.028466
minutes,0.028466
neck,0.028466
meant,0.028466
finished,0.028466
glass,0.028466
gnat,0.028466
slowly,0.028466
manage,0.028466
new,0.028466
kind,0.028466
tea,0.028466
'that's,0.028466
growing,0.028466
ground,0.028466
life,0.028466
dish,0.026687
yes,0.026687
sight,0.026687
waited,0.026687
eagerly,0.026687
'that,0.026687
middle,0.026687
bright,0.026687
rule,0.026687
'come,0.026687
queer,0.026687
cut,0.026687
opened,0.026687
understand,0.026687
trees,0.026687
water,0.026687
timidly,0.026687
exclaimed,0.024908
against,0.024908
walrus,0.024908
feel,0.024908
birds,0.024908
change,0.024908
small,0.024908
sea,0.024908
'i've,0.024908
lets,0.024908
fact,0.024908
noticed,0.024908
taking,0.024908
generally,0.024908
afterwards,0.024908
indeed,0.024908
cook,0.024908
me',0.024908
shes,0.024908
reason,0.024908
finger,0.023129
here',0.023129
faster,0.023129
either,0.023129
managed,0.023129
baby,0.023129
dodo,0.023129
dance,0.023129
work,0.023129
read,0.023129
offended,0.023129
beg,0.023129
sounded,0.023129
quietly,0.023129
now',0.023129
silent,0.023129
heads,0.023129
meaning,0.023129
across,0.023129
size,0.023129
caught,0.023129
subject,0.023129
grow,0.023129
making,0.023129
hurried,0.023129
real,0.023129
pleased,0.023129
pigeon,0.023129
shouldnt,0.023129
rate,0.023129
held,0.023129
shouted,0.023129
creatures,0.023129
wanted,0.023129
marked,0.023129
seven,0.023129
several,0.023129
seem,0.023129
whats,0.023129
book,0.023129
soldiers,0.023129
often,0.021350
angrily,0.021350
hill,0.021350
messenger,0.021350
watching,0.021350
pudding,0.021350
wasnt,0.021350
children,0.021350
wondering,0.021350
walk,0.021350
square,0.021350
again',0.021350
deep,0.021350
brook,0.021350
'we,0.021350
continued,0.021350
fight,0.021350
world,0.021350
wouldn't,0.021350
everybody,0.021350
eye,0.021350
foot,0.021350
join,0.021350
bottle,0.021350
different,0.021350
seems,0.021350
creature,0.021350
'of,0.021350
matter,0.021350
fan,0.021350
care,0.021350
'then,0.021350
not',0.021350
man,0.021350
id,0.021350
dry,0.021350
carpenter,0.021350
alice's,0.021350
sister,0.021350
dark,0.021350
play,0.021350
repeat,0.021350
number,0.021350
bread-and-butter,0.021350
road,0.021350
doesnt,0.019571
chorus,0.019571
temper,0.019571
cry,0.019571
holding,0.019571
didn't,0.019571
nose,0.019571
crown,0.019571
asleep,0.019571
feeling,0.019571
stop,0.019571
straight,0.019571
pair,0.019571
whispered,0.019571
waiting,0.019571
pool,0.019571
itll,0.019571
whisper,0.019571
sit,0.019571
fire,0.019571
'not,0.019571
then',0.019571
politely,0.019571
myself,0.019571
'no,0.019571
wrong,0.019571
lessons,0.019571
tiger-lily,0.019571
none,0.019571
jumped,0.019571
wont,0.019571
to-day,0.019571
fish,0.019571
means,0.019571
boat,0.019571
fear,0.019571
speaking,0.019571
wasn't,0.019571
tail,0.019571
argument,0.019571
horses,0.019571
distance,0.019571
window,0.019571
'a,0.019571
hurry,0.019571
changed,0.019571
flowers,0.017791
impatiently,0.017791
plan,0.017791
certain,0.017791
faces,0.017791
cats,0.017791
larger,0.017791
asking,0.017791
opportunity,0.017791
twice,0.017791
young,0.017791
gloves,0.017791
wait,0.017791
footman,0.017791
shoulder,0.017791
curiosity,0.017791
on',0.017791
sing,0.017791
'now,0.017791
tired,0.017791
angry,0.017791
further,0.017791
fishes,0.017791
voices,0.017791
history,0.017791
melancholy,0.017791
yet',0.017791
helmet,0.017791
poetry,0.017791
paw,0.017791
leaves,0.017791
likely,0.017791
watch,0.017791
mad,0.017791
them',0.017791
do',0.017791
bill,0.017791
usual,0.017791
between,0.017791
piece,0.017791
followed,0.017791
shrill,0.017791
ventured,0.017791
majesty',0.017791
tone:,0.017791
haigha,0.017791
theyre,0.017791
sent,0.017791
they're,0.017791
again:,0.017791
guess,0.017791
listen,0.017791
majesty,0.017791
drew,0.017791
surprise,0.017791
watched,0.017791
grand,0.017791
waving,0.017791
hall,0.017791
rushes,0.017791
'they,0.017791
lost,0.017791
written,0.017791
havent,0.017791
oysters,0.017791
plenty,0.017791
shaking,0.016012
sleepy,0.016012
quick,0.016012
aloud,0.016012
move,0.016012
knave,0.016012
thousand,0.016012
sharp,0.016012
golden,0.016012
picked,0.016012
night,0.016012
hours,0.016012
trembling,0.016012
answered,0.016012
green,0.016012
others,0.016012
anxious,0.016012
pretty,0.016012
hurt,0.016012
notice,0.016012
delight,0.016012
thing',0.016012
ones,0.016012
doing,0.016012
all',0.016012
chin,0.016012
nonsense,0.016012
explain,0.016012
stopped,0.016012
reply,0.016012
lay,0.016012
inches,0.016012
worth,0.016012
appeared,0.016012
couldn't,0.016012
key,0.016012
rose,0.016012
sighed,0.016012
said:,0.016012
party,0.016012
begun,0.016012
shawl,0.016012
hot,0.016012
already,0.016012
box,0.016012
ears,0.016012
brown,0.016012
told,0.016012
names,0.016012
is',0.016012
nine,0.014233
pause,0.014233
hearts,0.014233
difficulty,0.014233
alone,0.014233
sentence,0.014233
hundred,0.014233
time',0.014233
liked,0.014233
'in,0.014233
gardeners,0.014233
heavy,0.014233
smiled,0.014233
easily,0.014233
short,0.014233
mice,0.014233
days,0.014233
shake,0.014233
frog,0.014233
deny,0.014233
bag,0.014233
falling,0.014233
dare,0.014233
draw,0.014233
kings,0.014233
part,0.014233
meet,0.014233
sir,0.014233
fancy,0.014233
spread,0.014233
guests,0.014233
stand,0.014233
nervous,0.014233
indeed',0.014233
triumphantly,0.014233
easy,0.014233
show,0.014233
whose,0.014233
home,0.014233
uncomfortable,0.014233
hes,0.014233
jam,0.014233
alarm,0.014233
dreadfully,0.014233
pocket,0.014233
instantly,0.014233
bread,0.014233
carefully,0.014233
hoping,0.014233
taken,0.014233
yards,0.014233
comes,0.014233
pretend,0.014233
thank,0.014233
'yes,0.014233
practice,0.014233
crossed,0.014233
wings,0.014233
egg,0.014233
head',0.014233
you'd,0.014233
noise,0.014233
eager,0.014233
stay,0.014233
say',0.014233
town,0.014233
write,0.014233
country,0.014233
dead,0.014233
towards,0.014233
sleep,0.014233
men,0.014233
hoarse,0.014233
'off,0.014233
broken,0.014233
somehow,0.014233
passed,0.014233
hatta,0.014233
thoughtfully,0.014233
dreaming,0.014233
age,0.014233
invention,0.014233
grown,0.014233
quickly,0.014233
fetch,0.014233
drink,0.014233
'do,0.014233
ten,0.014233
mutton,0.014233
jumping,0.014233
paper,0.014233
fit,0.014233
morning,0.014233
wind,0.014233
shop,0.012454
lobster,0.012454
needles,0.012454
whenever,0.012454
'are,0.012454
battle,0.012454
indignantly,0.012454
plum-cake,0.012454
'as,0.012454
'he,0.012454
crab,0.012454
natural,0.012454
be',0.012454
alive,0.012454
weve,0.012454
fond,0.012454
rattle,0.012454
tarts,0.012454
slates,0.012454
lory,0.012454
chance,0.012454
twinkle,0.012454
directly,0.012454
repeating,0.012454
panted,0.012454
'there's,0.012454
able,0.012454
moral,0.012454
reach,0.012454
much',0.012454
thoughts,0.012454
wildly,0.012454
shoes,0.012454
laughed,0.012454
knee,0.012454
pointing,0.012454
consider,0.012454
catch,0.012454
adventures,0.012454
regular,0.012454
says,0.012454
smile,0.012454
hadn't,0.012454
like',0.012454
fun,0.012454
remembered,0.012454
gravely,0.012454
beat,0.012454
hung,0.012454
grass,0.012454
cake,0.012454
e,0.012454
comfort,0.012454
vanished,0.012454
sounds,0.012454
sigh,0.012454
hedgehog,0.012454
late,0.012454
ways,0.012454
english,0.012454
soft,0.012454
think',0.012454
pepper,0.012454
besides,0.012454
confusion,0.012454
wake,0.012454
on:,0.012454
began:,0.012454
second,0.012454
case,0.012454
roof,0.012454
i'd,0.012454
feather,0.012454
scream,0.012454
happens,0.012454
oop,0.012454
yesterday,0.012454
saddle,0.012454
edge,0.012454
shape,0.012454
trouble,0.012454
french,0.012454
remain,0.012454
it'll,0.012454
course',0.012454
o,0.012454
strange,0.012454
her:,0.012454
civil,0.012454
queen:,0.012454
corner,0.012454
somebody,0.012454
provoking,0.012454
six,0.012454
queen's,0.012454
joke,0.012454
evening,0.012454
instance,0.012454
mushroom,0.012454
questions,0.012454
brought,0.012454
haven't,0.012454
'so,0.012454
dinner,0.012454
cold,0.012454
'for,0.012454
writing,0.012454
week,0.010675
knife,0.010675
considered,0.010675
learn,0.010675
father,0.010675
interesting,0.010675
isn't,0.010675
front,0.010675
this:,0.010675
crowded,0.010675
screamed,0.010675
altogether,0.010675
girl,0.010675
nearer,0.010675
sulky,0.010675
thought:,0.010675
declare,0.010675
clear,0.010675
puzzling,0.010675
stick,0.010675
pale,0.010675
wide,0.010675
deeply,0.010675
tiny,0.010675
sneezing,0.010675
sun,0.010675
grinned,0.010675
forgetting,0.010675
puppy,0.010675
lobsters,0.010675
returned,0.010675
keeping,0.010675
so',0.010675
taught,0.010675
lifted,0.010675
moving,0.010675
you've,0.010675
'or,0.010675
directions,0.010675
good-bye,0.010675
lose,0.010675
proud,0.010675
summer,0.010675
sadly,0.010675
speech,0.010675
soo,0.010675
lovely,0.010675
spoken,0.010675
become,0.010675
boy,0.010675
evidently,0.010675
miss,0.010675
cheshire,0.010675
worse,0.010675
bring,0.010675
simply,0.010675
body,0.010675
settled,0.010675
umbrella,0.010675
shining,0.010675
passage,0.010675
neednt,0.010675
impossible,0.010675
forgotten,0.010675
friend,0.010675
ah,0.010675
somewhere,0.010675
solemnly,0.010675
mine,0.010675
theyve,0.010675
fawn,0.010675
'you're,0.010675
led,0.010675
simple,0.010675
flying,0.010675
laugh,0.010675
ball,0.010675
pounds,0.010675
one',0.010675
giving,0.010675
'don't,0.010675
dressed,0.010675
hay,0.010675
'who,0.010675
direction,0.010675
cause,0.010675
carried,0.010675
fingers,0.010675
present,0.010675
standing,0.010675
solemn,0.010675
lap,0.010675
hatter:,0.010675
person,0.010675
catching,0.010675
trial,0.010675
frowning,0.010675
monster,0.010675
possibly,0.010675
doubt,0.010675
path,0.010675
dropped,0.010675
business,0.010675
throw,0.010675
thump,0.010675
proper,0.008896
fallen,0.008896
venture,0.008896
gentle,0.008896
sky,0.008896
hers,0.008896
sense,0.008896
list,0.008896
'one,0.008896
passion,0.008896
what',0.008896
paws,0.008896
executed,0.008896
finding,0.008896
unhappy,0.008896
ink,0.008896
sorts,0.008896
decidedly,0.008896
startled,0.008896
ashes,0.008896
entirely,0.008896
pictures,0.008896
gimble,0.008896
busily,0.008896
hungry,0.008896
flat,0.008896
toves,0.008896
height,0.008896
black,0.008896
recovered,0.008896
up',0.008896
ridiculous,0.008896
sell,0.008896
mark,0.008896
thoughtful,0.008896
heap,0.008896
wabe,0.008896
theyd,0.008896
until,0.008896
rise,0.008896
eighth,0.008896
'would,0.008896
except,0.008896
music,0.008896
daresay,0.008896
was',0.008896
legs,0.008896
manner,0.008896
worsted,0.008896
handed,0.008896
dog,0.008896
free,0.008896
advice,0.008896
odd,0.008896
branch,0.008896
gets,0.008896
blew,0.008896
snoring,0.008896
manners,0.008896
particular,0.008896
eggs,0.008896
unless,0.008896
violently,0.008896
ring,0.008896
thick,0.008896
important,0.008896
kick,0.008896
year,0.008896
hearing,0.008896
timid,0.008896
clever,0.008896
contrariwise,0.008896
finish,0.008896
soothing,0.008896
sharply,0.008896
guard,0.008896
pleaded,0.008896
perfectly,0.008896
pardon',0.008896
fighting,0.008896
shouldn't,0.008896
anglo-saxon,0.008896
punished,0.008896
obliged,0.008896
hit,0.008896
lizard,0.008896
animals,0.008896
interest,0.008896
rules,0.008896
stairs,0.008896
begins,0.008896
dancing,0.008896
whiskers,0.008896
rubbing,0.008896
witness',0.008896
laid,0.008896
immediately,0.008896
anybody,0.008896
broke,0.008896
nohow,0.008896
muttered,0.008896
nurse,0.008896
presents,0.008896
aged,0.008896
panting,0.008896
started,0.008896
met,0.008896
singing,0.008896
em,0.008896
instead,0.008896
heart,0.008896
witness,0.008896
invented,0.008896
oars,0.008896
laughing,0.008896
crowd,0.008896
forest,0.008896
turns,0.008896
mome,0.008896
forgot,0.008896
lady,0.008896
floor,0.008896
considering,0.008896
pieces,0.008896
fault,0.008896
'i'll,0.008896
bad,0.008896
insects,0.008896
explained,0.008896
'to,0.008896
love,0.008896
slithy,0.008896
shouting,0.008896
rolled,0.008896
peg,0.008896
confused,0.008896
opposite,0.008896
whatever,0.008896
succeeded,0.008896
bees,0.008896
hookah,0.008896
pig,0.008896
pleasant,0.008896
enormous,0.008896
kid,0.008896
telling,0.008896
hanging,0.008896
above,0.008896
swam,0.008896
opening,0.008896
chimney,0.008896
bank,0.008896
tale,0.008896
sulkily,0.008896
sides,0.008896
pick,0.008896
severely,0.008896
shriek,0.008896
faint,0.008896
fill,0.008896
happy,0.008896
knitting,0.008896
to',0.008896
'when,0.008896
mad',0.008896
shan't,0.008896
kindly,0.008896
buy,0.008896
things',0.008896
dear',0.008896
sound,0.008896
riddle,0.008896
row,0.008896
sobs,0.008896
crying,0.008896
gyre,0.008896
feelings,0.008896
grin,0.008896
objected,0.008896
snow,0.008896
daisies,0.008896
purr,0.008896
rolling,0.008896
shelf,0.008896
right',0.008896
moved,0.008896
struck,0.008896
strong,0.008896
crow,0.008896
pack,0.008896
branches,0.008896
ceiling,0.007117
possible,0.007117
see',0.007117
forget,0.007117
story,0.007117
spectacles,0.007117
notion,0.007117
they'll,0.007117
eating,0.007117
cautiously,0.007117
nicely,0.007117
bit',0.007117
h,0.007117
bottom,0.007117
mabel,0.007117
business',0.007117
'call,0.007117
crabs,0.007117
knocked,0.007117
master,0.007117
missed,0.007117
pigs,0.007117
rabbit-hole,0.007117
shoulders,0.007117
check,0.007117
belt,0.007117
serpent,0.007117
contemptuously,0.007117
remarked:,0.007117
fly,0.007117
pencil,0.007117
clock,0.007117
child',0.007117
heres,0.007117
fat,0.007117
she's,0.007117
messengers,0.007117
growled,0.007117
'she,0.007117
mouths,0.007117
before',0.007117
backwards,0.007117
brooch,0.007117
voice:,0.007117
bone,0.007117
gate,0.007117
beyond,0.007117
addressing,0.007117
'which,0.007117
less,0.007117
knees,0.007117
knowing,0.007117
swim,0.007117
ashamed,0.007117
washed,0.007117
introduce,0.007117
thoroughly,0.007117
within,0.007117
yer,0.007117
listening,0.007117
upset,0.007117
letter,0.007117
chair,0.007117
pardon,0.007117
extraordinary,0.007117
checked,0.007117
miserable,0.007117
narrow,0.007117
lips,0.007117
longer,0.007117
tumbling,0.007117
william,0.007117
flamingo,0.007117
rubbed,0.007117
arm-chair,0.007117
tidy,0.007117
doubtfully,0.007117
cheeks,0.007117
follow,0.007117
waking,0.007117
outgrabe,0.007117
wandering,0.007117
squeeze,0.007117
story',0.007117
bell,0.007117
general,0.007117
comfortably,0.007117
die,0.007117
yourself',0.007117
fifth,0.007117
plates,0.007117
living,0.007117
mischief,0.007117
neither,0.007117
tumble,0.007117
earth,0.007117
'sure,0.007117
dreadful,0.007117
'why',0.007117
birthday,0.007117
blown,0.007117
bird,0.007117
books,0.007117
did',0.007117
collar,0.007117
prisoner,0.007117
whiting,0.007117
eht,0.007117
sorry,0.007117
ate,0.007117
rabbit's,0.007117
guessed,0.007117
twinkling,0.007117
thin,0.007117
begin',0.007117
expecting,0.007117
difficult,0.007117
mimsy,0.007117
otherwise,0.007117
nor,0.007117
'hold,0.007117
to-morrow,0.007117
crash,0.007117
petals,0.007117
curled,0.007117
boots,0.007117
bill's,0.007117
funny,0.007117
fine,0.007117
dishes,0.007117
slipped,0.007117
candle,0.007117
arches,0.007117
memorandum-book,0.007117
brush,0.007117
grunted,0.007117
ootiful,0.007117
grew,0.007117
order,0.007117
beau,0.007117
'only,0.007117
scrambled,0.007117
'yes',0.007117
in',0.007117
'there,0.007117
tumbled,0.007117
choked,0.007117
since,0.007117
words:,0.007117
jurymen,0.007117
evidence,0.007117
inquired,0.007117
him:,0.007117
grave,0.007117
lessons',0.007117
brothers,0.007117
prison,0.007117
brillig,0.007117
trumpet,0.007117
joined,0.007117
twelve,0.007117
mistake,0.007117
folded,0.007117
alas,0.007117
first',0.007117
'please,0.007117
ahoy,0.007117
carry,0.007117
peeping,0.007117
raised,0.007117
giddy,0.007117
'is,0.007117
handkerchief,0.007117
mile,0.007117
pointed,0.007117
journey,0.007117
memorandum,0.007117
wants,0.007117
herself:,0.007117
executioner,0.007117
wet,0.007117
stretched,0.007117
down',0.007117
extremely,0.007117
belongs,0.007117
wonderland,0.007117
procession,0.007117
slow,0.007117
kitchen,0.007117
'i'd,0.007117
with',0.007117
inventing,0.007117
quarrel,0.007117
bowed,0.007117
smiling,0.007117
invite,0.007117
all:,0.007117
also,0.007117
leg,0.007117
pulled,0.007117
for',0.007117
shore,0.007117
stuff,0.007117
useful,0.007117
mild,0.007117
subtraction,0.007117
cloud,0.007117
players,0.007117
suppressed,0.007117
nonsense',0.007117
school,0.007117
wall,0.007117
ended,0.007117
lie,0.007117
kittens,0.007117
cheerfully,0.007117
curtsey,0.007117
astonished,0.007117
duchess:,0.007117
lives,0.007117
filled,0.007117
choose,0.007117
thirsty,0.007117
muttering,0.007117
thunderstorm,0.007117
growl,0.007117
sticking,0.007117
raths,0.007117
bought,0.007117
untidy,0.007117
'very,0.007117
you'll,0.007117
reached,0.007117
well',0.007117
pawn,0.007117
courage,0.007117
years,0.007117
insect,0.007117
screaming,0.007117
forwards,0.007117
outside,0.007117
shrinking,0.007117
capital,0.007117
tight,0.007117
themselves,0.007117
foolish,0.007117
health,0.007117
king:,0.007117
milk,0.007117
whiting',0.007117
sang,0.007117
'ah,0.007117
pretending,0.007117
plate,0.005337
croquet',0.005337
pegs,0.005337
steam-engine,0.005337
fur,0.005337
away:,0.005337
bee,0.005337
i',0.005337
gardens,0.005337
friends,0.005337
welcome,0.005337
vexed,0.005337
dormouse',0.005337
noticing,0.005337
fire-irons,0.005337
suppose',0.005337
'nothing,0.005337
digging,0.005337
bandersnatch,0.005337
treacle,0.005337
beating,0.005337
save,0.005337
pleasure,0.005337
kiss,0.005337
scrambling,0.005337
agree,0.005337
'really,0.005337
let's,0.005337
other:,0.005337
warm,0.005337
winter,0.005337
whom,0.005337
knows,0.005337
excuse,0.005337
counter,0.005337
sad,0.005337
smaller,0.005337
upright,0.005337
croquet-ground,0.005337
'because,0.005337
mind',0.005337
glasses,0.005337
cakes,0.005337
wasting,0.005337
luckily,0.005337
return,0.005337
ditto,0.005337
tongue,0.005337
cravat,0.005337
snail,0.005337
corrected,0.005337
mostly,0.005337
pie,0.005337
careless,0.005337
panther,0.005337
choosing,0.005337
faults,0.005337
youth',0.005337
mary,0.005337
she'll,0.005337
thunder,0.005337
touching,0.005337
cool,0.005337
fair,0.005337
ordered,0.005337
bow,0.005337
ugly,0.005337
trial's,0.005337
clasped,0.005337
pass,0.005337
around,0.005337
railway,0.005337
'they're,0.005337
true,0.005337
yours,0.005337
shutting,0.005337
visit,0.005337
kinds,0.005337
crimson,0.005337
glanced,0.005337
they'd,0.005337
older,0.005337
leant,0.005337
rose:,0.005337
stiff,0.005337
despair,0.005337
wild,0.005337
brightened,0.005337
jurors,0.005337
autumn,0.005337
trembled,0.005337
myself',0.005337
yawning,0.005337
woods,0.005337
prizes',0.005337
throwing,0.005337
excitement,0.005337
field,0.005337
size:,0.005337
cheered,0.005337
doubtful,0.005337
beds,0.005337
tea',0.005337
old',0.005337
fabulous,0.005337
fourth,0.005337
doth,0.005337
sighing,0.005337
neat,0.005337
bringing,0.005337
threw,0.005337
carrying,0.005337
fastness,0.005337
drop,0.005337
kettle,0.005337
playing,0.005337
places,0.005337
drank,0.005337
sticks,0.005337
fade,0.005337
'she's,0.005337
'did,0.005337
corkscrew,0.005337
half-past,0.005337
youth,0.005337
him',0.005337
weak,0.005337
decided,0.005337
enough',0.005337
'tis,0.005337
un-birthday,0.005337
out:,0.005337
queen',0.005337
stopping,0.005337
slate,0.005337
good-natured,0.005337
meanwhile,0.005337
sea',0.005337
savage,0.005337
riddles,0.005337
ann,0.005337
lived,0.005337
peeped,0.005337
seriously,0.005337
lonely,0.005337
lily,0.005337
side:,0.005337
honey,0.005337
owl,0.005337
dogs,0.005337
interrupt,0.005337
downwards,0.005337
jabberwock,0.005337
gryphon:,0.005337
hour,0.005337
months,0.005337
divided,0.005337
didn't',0.005337
content,0.005337
feared,0.005337
elbow,0.005337
shed,0.005337
brother,0.005337
bound,0.005337
fitted,0.005337
a-sitting,0.005337
choking,0.005337
twas,0.005337
confusing,0.005337
loudly,0.005337
fireplace,0.005337
turtle:,0.005337
works,0.005337
william',0.005337
suddenly:,0.005337
serpents,0.005337
interrupted:,0.005337
safe,0.005337
croquet,0.005337
m,0.005337
claws,0.005337
ends,0.005337
stretching,0.005337
shell,0.005337
hunting,0.005337
entangled,0.005337
softly,0.005337
tureen,0.005337
pressed,0.005337
wondered,0.005337
knowledge,0.005337
carriage,0.005337
window',0.005337
flew,0.005337
'what's,0.005337
dye,0.005337
soup',0.005337
afternoon,0.005337
remarks,0.005337
hint,0.005337
evidence',0.005337
day',0.005337
teacup,0.005337
'consider,0.005337
stupid,0.005337
gentleman,0.005337
duchess's,0.005337
serpent',0.005337
roses,0.005337
telescope,0.005337
effect,0.005337
exact,0.005337
tear,0.005337
suit,0.005337
mine',0.005337
sandwich,0.005337
learning,0.005337
spite,0.005337
advantage,0.005337
fender,0.005337
pin,0.005337
counting,0.005337
candles,0.005337
chessmen,0.005337
rose-tree,0.005337
whistling,0.005337
given,0.005337
shy,0.005337
guinea-pigs,0.005337
life',0.005337
thoughtfully:,0.005337
pig',0.005337
leaning,0.005337
breaking,0.005337
listened,0.005337
wink,0.005337
borogoves,0.005337
hate,0.005337
different',0.005337
pattering,0.005337
nasty,0.005337
away',0.005337
language,0.005337
state,0.005337
howling,0.005337
wherever,0.005337
eaglet,0.005337
dust,0.005337
armour,0.005337
attitudes,0.005337
butter,0.005337
prevent,0.005337
covered,0.005337
'have,0.005337
england,0.005337
nibbling,0.005337
'just,0.005337
verdict',0.005337
cats',0.005337
sheep:,0.005337
taste,0.005337
better',0.005337
taller,0.005337
unpleasant,0.005337
shorter,0.005337
dreamed,0.005337
off',0.005337
relieved,0.005337
joint,0.005337
reins,0.005337
fastened,0.005337
expect,0.005337
honour,0.005337
indeed:,0.005337
bridge,0.005337
'tell,0.005337
unfortunate,0.005337
passing,0.005337
verses,0.005337
staring,0.005337
wrote,0.005337
quiet,0.005337
miles,0.005337
nursing,0.005337
known,0.005337
o'clock,0.005337
glided,0.005337
hug,0.005337
sneeze,0.005337
'thank,0.005337
cooked,0.005337
girls,0.005337
blows,0.005337
principal,0.005337
duck,0.005337
wandered,0.005337
officers,0.005337
escape,0.005337
promised,0.005337
ago,0.005337
tasted,0.005337
see:,0.005337
this',0.005337
squeaking,0.005337
determined,0.005337
explanation,0.005337
twist,0.005337
bill',0.005337
wool,0.005337
tucked,0.005337
nest,0.005337
tiptoe,0.005337
remained,0.005337
stiffly,0.005337
loaf,0.005337
light,0.005337
'give,0.005337
sugar,0.005337
buttons,0.005337
knocking,0.005337
addition,0.005337
rain,0.005337
addressed,0.005337
bite,0.005337
nervously,0.005337
mention,0.005337
send,0.005337
saves,0.005337
tails,0.005337
'this,0.005337
of',0.005337
tortoise,0.005337
seated,0.005337
jury-box,0.005337
belong,0.005337
treat,0.005337
scented,0.005337
together',0.005337
dress,0.005337
sums,0.005337
rounder,0.005337
high:,0.005337
'em,0.005337
fancied,0.005337
accident,0.005337
verse,0.005337
nowhere,0.005337
glory,0.005337
memory,0.005337
that:,0.005337
'let,0.005337
favourite,0.005337
clapping,0.005337
pricked,0.005337
smoke,0.005337
minute:,0.005337
over',0.005337
needn't,0.005337
bats,0.005337
fright,0.005337
riding,0.005337
settle,0.005337
disappeared,0.005337
'drink,0.005337
land,0.005337
patiently,0.005337
goose,0.005337
awkward,0.005337
washing,0.005337
remarking,0.005337
verse',0.005337
takes,0.005337
reading,0.005337
done',0.005337
mentioned,0.005337
fury,0.005337
introduced,0.005337
fixed,0.005337
trotting,0.005337
actually,0.005337
beautifully,0.005337
dull,0.005337
pat,0.005337
nights,0.005337
cannot,0.005337
tossing,0.005337
'all,0.005337
'perhaps,0.005337
sooner,0.005337
out-of-the-way,0.005337
dears,0.005337
hurting,0.005337
dismay,0.005337
'at,0.005337
quantity,0.005337
judge,0.005337
wonder',0.005337
thanked,0.005337
poem,0.005337
wine,0.005337
finger-posts,0.005337
slice,0.005337
quadrille,0.005337
tables,0.005337
waiters,0.005337
buttered,0.005337
hedgehogs,0.005337
trickled,0.005337
undone,0.005337
wise,0.005337
certainly',0.005337
theyll,0.005337
doors,0.005337
lightning,0.005337
confess,0.005337
lullaby,0.003558
dipped,0.003558
brave,0.003558
hollow,0.003558
pennyworth,0.003558
dance',0.003558
setting,0.003558
shoes',0.003558
pretended,0.003558
custody,0.003558
wringing,0.003558
vinegar,0.003558
do:,0.003558
deserved,0.003558
beard,0.003558
'found,0.003558
merely,0.003558
rushed,0.003558
hill:,0.003558
occurred,0.003558
changing,0.003558
deepest,0.003558
mounted,0.003558
caucus-race',0.003558
honour',0.003558
assembled,0.003558
violent,0.003558
humble,0.003558
feeble,0.003558
he's,0.003558
porpoise,0.003558
point,0.003558
disgust,0.003558
advisable,0.003558
we've,0.003558
decidedly:,0.003558
painting,0.003558
merrily,0.003558
glue,0.003558
discontented,0.003558
shyly,0.003558
harm,0.003558
remarkable,0.003558
knocking',0.003558
grin',0.003558
'wow,0.003558
tall,0.003558
push,0.003558
described,0.003558
whatever',0.003558
reminds,0.003558
'get,0.003558
undertone,0.003558
wearily,0.003558
drunk,0.003558
once:,0.003558
readily:,0.003558
figure,0.003558
assure,0.003558
unwound,0.003558
deaf,0.003558
cross-examine,0.003558
from',0.003558
lower,0.003558
showing,0.003558
tells,0.003558
vii,0.003558
room',0.003558
drawling,0.003558
constant,0.003558
pins,0.003558
breakfast,0.003558
collected,0.003558
x,0.003558
argue,0.003558
spell,0.003558
series,0.003558
'here,0.003558
impenetrability,0.003558
turtle's,0.003558
certainly:,0.003558
sight:,0.003558
v,0.003558
sigh:,0.003558
changes,0.003558
stoop,0.003558
pay,0.003558
resting,0.003558
licking,0.003558
plaster,0.003558
denied,0.003558
circumstances,0.003558
'till,0.003558
execution,0.003558
hearth-rug,0.003558
bed,0.003558
louder,0.003558
impatiently:,0.003558
plan',0.003558
wretched,0.003558
choice,0.003558
wash,0.003558
swallowed,0.003558
caused,0.003558
garden',0.003558
drowned,0.003558
grinning,0.003558
wax-works,0.003558
ii,0.003558
pushed,0.003558
elephants,0.003558
upside-down,0.003558
became,0.003558
'speak,0.003558
closed,0.003558
plum-pudding,0.003558
remove,0.003558
mustard,0.003558
hurriedly,0.003558
soldier,0.003558
authority,0.003558
maybe,0.003558
locks,0.003558
win,0.003558
letters,0.003558
reasonable,0.003558
eel,0.003558
feasts,0.003558
line,0.003558
persons,0.003558
trotted,0.003558
queer-shaped,0.003558
closer,0.003558
archbishop,0.003558
shrieks,0.003558
act,0.003558
'everybody,0.003558
punish,0.003558
'does,0.003558
hasn't,0.003558
nodded,0.003558
ornamented,0.003558
persisted,0.003558
picking,0.003558
'turn,0.003558
fountains,0.003558
leads,0.003558
jabberwocky,0.003558
pinned,0.003558
fellow,0.003558
scroll,0.003558
speed,0.003558
rattling,0.003558
yawned,0.003558
ribbon,0.003558
compliment,0.003558
eldest,0.003558
mixed,0.003558
sir',0.003558
farther,0.003558
attended,0.003558
mercia,0.003558
beware,0.003558
chess,0.003558
queerest,0.003558
remember',0.003558
beetle,0.003558
'let's,0.003558
feebly,0.003558
shant,0.003558
drums,0.003558
beheaded',0.003558
[later,0.003558
hopeful,0.003558
busy,0.003558
iii,0.003558
monsters,0.003558
livery,0.003558
pity,0.003558
be-etter,0.003558
oclock,0.003558
sadly:,0.003558
end',0.003558
therell,0.003558
goat,0.003558
eaten,0.003558
below,0.003558
minded,0.003558
salt,0.003558
brushed,0.003558
complain,0.003558
sixty-four,0.003558
man',0.003558
snowdrop,0.003558
son,0.003558
tongue',0.003558
talks,0.003558
cauldron,0.003558
enemy,0.003558
northumbria,0.003558
twopence,0.003558
engine,0.003558
once',0.003558
doll,0.003558
millennium,0.003558
fanned,0.003558
fifty,0.003558
trifle,0.003558
ticket-office,0.003558
message,0.003558
geography,0.003558
pebbles,0.003558
fulcrum,0.003558
rising,0.003558
'my,0.003558
winding,0.003558
inside,0.003558
go',0.003558
drawing,0.003558
later,0.003558
'shall,0.003558
turtles,0.003558
'you'll,0.003558
giddy',0.003558
stooping,0.003558
a-dressing,0.003558
servants,0.003558
compared,0.003558
lithe,0.003558
swimming,0.003558
cat:,0.003558
jar,0.003558
doing',0.003558
unfolded,0.003558
'lives,0.003558
vexation,0.003558
blasts,0.003558
'unimportant,0.003558
xii,0.003558
lot,0.003558
'sit,0.003558
anyhow,0.003558
cushion,0.003558
dee,0.003558
longed,0.003558
blue,0.003558
hopes,0.003558
music',0.003558
usually,0.003558
advance,0.003558
expected,0.003558
poker,0.003558
pinched,0.003558
pairs,0.003558
monstrous,0.003558
lewis,0.003558
direction',0.003558
moon,0.003558
singers,0.003558
empty:,0.003558
handsome,0.003558
invitation,0.003558
two:,0.003558
desperate,0.003558
uneasily,0.003558
appear,0.003558
footsteps,0.003558
earls,0.003558
ever',0.003558
impatient,0.003558
rejoice,0.003558
beak,0.003558
attention,0.003558
proves,0.003558
chosen,0.003558
court',0.003558
invisible,0.003558
tones,0.003558
cares,0.003558
'treacle',0.003558
noble,0.003558
edition,0.003558
mineral,0.003558
breathe',0.003558
contempt,0.003558
delighted,0.003558
blade,0.003558
kindness,0.003558
using,0.003558
shaped,0.003558
colour,0.003558
'after,0.003558
clean,0.003558
kindly:,0.003558
saucepan,0.003558
placed,0.003558
race,0.003558
easier,0.003558
arent,0.003558
bleeding,0.003558
to-day',0.003558
curtseyed,0.003558
mouse-trap,0.003558
badly,0.003558
thatll,0.003558
courtiers,0.003558
iv,0.003558
offer,0.003558
wow,0.003558
fellow',0.003558
roast,0.003558
label,0.003558
quantities,0.003558
dreamily,0.003558
subjects,0.003558
directed,0.003558
coaxing,0.003558
bar,0.003558
length,0.003558
won't',0.003558
oneself,0.003558
tea-party,0.003558
parchment,0.003558
breathe,0.003558
latitude,0.003558
eight,0.003558
rude,0.003558
mist,0.003558
feed,0.003558
nightcap,0.003558
waistcoat-pocket,0.003558
wear,0.003558
encouraged,0.003558
unsatisfactory,0.003558
verbs,0.003558
bones,0.003558
figure',0.003558
far',0.003558
forehead,0.003558
whistle,0.003558
loose,0.003558
gravely:,0.003558
start,0.003558
precious,0.003558
'fetch,0.003558
conjuring-trick,0.003558
cleared,0.003558
air:,0.003558
flower,0.003558
eagerly:,0.003558
crawling,0.003558
butterfly,0.003558
cinders,0.003558
bitter,0.003558
governess,0.003558
doorway,0.003558
'wake,0.003558
hearth,0.003558
wine',0.003558
completely,0.003558
bent,0.003558
diligently,0.003558
fanning,0.003558
pink,0.003558
delightful,0.003558
seeing,0.003558
handle,0.003558
pronounced,0.003558
satisfied,0.003558
'take,0.003558
'beautiful,0.003558
royal,0.003558
habit,0.003558
book',0.003558
lasted,0.003558
'exactly,0.003558
succeed,0.003558
sorrowful,0.003558
pause:,0.003558
floated,0.003558
biscuit,0.003558
chimney-piece,0.003558
personal,0.003558
cat',0.003558
elbows,0.003558
sand,0.003558
ringlets,0.003558
c,0.003558
view,0.003558
mightnt,0.003558
dispute,0.003558
''tis,0.003558
back',0.003558
barrowful,0.003558
carelessly,0.003558
ill',0.003558
sword,0.003558
willing,0.003558
rider,0.003558
beasts,0.003558
replied:,0.003558
'stupid,0.003558
affectionately,0.003558
horn,0.003558
count,0.003558
drinking,0.003558
alarmed,0.003558
amused,0.003558
splashing,0.003558
quarrelling,0.003558
respectable,0.003558
treading,0.003558
toss,0.003558
us',0.003558
stumbled,0.003558
signed,0.003558
swept,0.003558
encourage,0.003558
dna,0.003558
obediently,0.003558
doubtfully:,0.003558
july,0.003558
fiddle-de-dee,0.003558
sending,0.003558
right-hand,0.003558
blaze,0.003558
slain,0.003558
difference,0.003558
murmured,0.003558
there',0.003558
volcano,0.003558
earthquake,0.003558
empty,0.003558
smallest,0.003558
thistle,0.003558
atom,0.003558
rome,0.003558
late',0.003558
believed,0.003558
'no',0.003558
serious,0.003558
enjoyed,0.003558
shower,0.003558
obey,0.003558
thimble,0.003558
creep,0.003558
pitying,0.003558
position,0.003558
wheels,0.003558
'you'd,0.003558
paint,0.003558
comfortable,0.003558
unable,0.003558
fields,0.003558
spreading,0.003558
blow,0.003558
gravy,0.003558
severity,0.003558
inclined,0.003558
scarcely,0.003558
fearfully,0.003558
xi,0.003558
moment's,0.003558
snatch,0.003558
'your,0.003558
chicken,0.003558
yonder,0.003558
bush,0.003558
dogs',0.003558
argued,0.003558
porpoise',0.003558
seized,0.003558
neatly,0.003558
wave,0.003558
clasping,0.003558
arranged,0.003558
dropping,0.003558
tying,0.003558
dragged,0.003558
largest,0.003558
secret,0.003558
follows,0.003558
earnestly,0.003558
purring,0.003558
longitude,0.003558
darling,0.003558
experiment,0.003558
won,0.003558
duchess',0.003558
sum,0.003558
vegetable,0.003558
clothes,0.003558
pray,0.003558
crumbs',0.003558
common,0.003558
brass,0.003558
chimneys,0.003558
losing,0.003558
watch',0.003558
absurd,0.003558
clearly,0.003558
concluded,0.003558
darker,0.003558
learnt,0.003558
sensation,0.003558
perhaps',0.003558
fatter,0.003558
was:,0.003558
unimportant,0.003558
wider,0.003558
helpless,0.003558
viii,0.003558
pinch,0.003558
hush',0.003558
laughter,0.003558
throat',0.003558
excited,0.003558
squeak,0.003558
fresh,0.003558
haste,0.003558
fork,0.003558
ideas,0.003558
presently,0.003558
break,0.003558
day:,0.003558
rocking-horse-fly,0.003558
punishments,0.003558
vainly,0.003558
tweedle,0.003558
thanks,0.003558
wonderfully,0.003558
apples,0.003558
'explain,0.003558
past,0.003558
teacups,0.003558
snore,0.003558
lefthand,0.003558
flower-beds,0.003558
rich,0.003558
vain,0.003558
bunch,0.003558
patience,0.003558
rested,0.003558
trot,0.003558
note-book,0.003558
rock,0.003558
jaws,0.003558
finished',0.003558
portmanteau,0.003558
fish-footman,0.003558
sunny,0.003558
hatta:,0.003558
toes',0.003558
down:,0.003558
played,0.003558
flung,0.003558
interrupting,0.003558
calmer,0.003558
mouse',0.003558
timidly:,0.003558
lingering,0.003558
good-naturedly,0.003558
melt,0.003558
wooden,0.003558
search,0.003558
astonishment,0.003558
attending,0.003558
'suppose,0.003558
cat's,0.003558
low-spirited,0.003558
morcar,0.003558
home',0.003558
saucer,0.003558
balance,0.003558
heels,0.003558
shudder,0.003558
paris,0.003558
song:,0.003558
excuses,0.003558
happening,0.003558
rang,0.003558
boiling,0.003558
what's,0.003558
sobbing,0.003558
sealing-wax,0.003558
about',0.003558
denying,0.003558
edwin,0.003558
draw',0.003558
stirring,0.003558
consequence,0.003558
twenty,0.003558
squeaked,0.003558
feathers,0.003558
complaining,0.003558
burn,0.003558
sort',0.003558
wife,0.003558
warmer,0.003558
flame,0.003558
invent,0.003558
sensible,0.003558
imperial,0.003558
king's,0.003558
matters,0.003558
muchness,0.003558
haddocks,0.003558
oyster,0.003558
double,0.003558
worst,0.003558
sharks,0.003558
servant,0.003558
woman,0.003558
did:,0.003558
proved,0.003558
cross,0.003558
secondly,0.003558
pull,0.003558
knock-down,0.003558
slices,0.003558
money,0.003558
smooth,0.003558
hippopotamus,0.003558
knights,0.003558
wonderful,0.003558
silvery,0.003558
cupboards,0.003558
accounts,0.003558
vorpal,0.003558
pleasing,0.003558
woke,0.003558
wealth,0.003558
severe,0.003558
toes,0.003558
little',0.003558
temper',0.003558
picture,0.003558
reduced,0.003558
sixty-five,0.003558
distant,0.003558
removed',0.003558
'two,0.003558
labelled,0.003558
nibbled,0.003558
hide,0.003558
cup,0.003558
easy:,0.003558
dum,0.003558
calling,0.003558
messages,0.003558
'poison',0.003558
unrolled,0.003558
guinea-pig,0.003558
curious',0.003558
remains,0.003558
holds,0.003558
tea-time,0.003558
conclusion,0.003558
crooked,0.003558
tease,0.003558
observe,0.003558
properly,0.003558
third,0.003558
ix,0.003558
thee,0.003558
working,0.003558
terror,0.003558
raving,0.003558
explaining,0.003558
animal,0.003558
squares,0.003558
'go,0.003558
yellow,0.003558
imagine,0.003558
shelves,0.003558
stamping,0.003558
chiefly,0.003558
touched,0.003558
understood,0.003558
wept,0.003558
talk',0.003558
danger,0.003558
train,0.003558
english',0.003558
month,0.003558
lovingly,0.003558
stream,0.003558
anger,0.003558
vi,0.003558
are',0.003558
dig,0.003558
beginning',0.003558
brooks,0.003558
art,0.003558
head:,0.003558
advise,0.003558
fun',0.003558
moaned,0.003558
bonfire,0.003558
loves,0.003558
ditch,0.003558
crime,0.003558
words',0.003558
feet:,0.003558
indignant,0.003558
dripping,0.003558
burning,0.003558
ninety,0.003558
amusement,0.003558
somewhere',0.003558
lid,0.003558
twig,0.003558
were',0.003558
question',0.003558
hedges,0.003558
walks,0.003558
middle:,0.003558
brandy,0.003558
ignorant,0.003558
outside',0.003558
thumb,0.003558
dinn,0.003558
bend,0.003558
editions,0.003558
'leave,0.003558
game',0.003558
high',0.003558
nestle,0.003558
effort,0.003558
last:,0.003558
bang,0.003558
tweedledee:,0.003558
[and,0.003558
feast,0.003558
examination,0.003558
thimble',0.003558
too',0.003558
mean',0.003558
stole,0.003558
ferrets,0.003558
weep,0.003558
l,0.003558
lazily,0.003558
tis,0.003558
crawled,0.003558
sprang,0.003558
shout,0.003558
more',0.003558
bark,0.003558
bunches,0.003558
bat,0.003558
wriggling,0.003558
single,0.003558
executions,0.003558
tied,0.003558
bee-hive,0.003558
hobbled,0.003558
rush,0.003558
strings,0.003558
three-legged,0.003558
fold,0.003558
relief,0.003558
emphasis,0.003558
leaving,0.003558
wood:,0.003558
munched,0.003558
gnat:,0.003558
beast,0.003558
goldfish,0.003558
smoking,0.003558
chairs,0.003558
struggled,0.003558
smoothly,0.003558
groaned,0.003558
flown,0.003558
lump,0.003558
allow,0.003558
heaps,0.003558
'nobody,0.003558
valley,0.003558
anxiety,0.003558
helped,0.003558
piteous,0.003558
arch,0.003558
excellent,0.003558
clubs,0.003558
never',0.003558
carroll,0.003558
locked,0.003558
shading,0.003558
wow',0.003558
daughter,0.003558
sing',0.003558
sands,0.003558
sky:,0.003558
gasped,0.003558
ordering,0.003558
encouraging,0.003558
cost,0.001779
tune,0.001779
opinion,0.001779
pence,0.001779
loneliness,0.001779
roll,0.001779
ridges,0.001779
tie,0.001779
tulgey,0.001779
trampled,0.001779
'may,0.001779
remembering,0.001779
answer',0.001779
front-door,0.001779
drawl,0.001779
throne,0.001779
d',0.001779
talk:,0.001779
line:,0.001779
coward',0.001779
joined:,0.001779
bushy,0.001779
sieve,0.001779
emom,0.001779
mutton-pies,0.001779
river,0.001779
pig-baby,0.001779
wig,0.001779
shelf:,0.001779
boxed,0.001779
listening:,0.001779
'seals,0.001779
cider,0.001779
galloping,0.001779
oyster-shells,0.001779
egg',0.001779
dozing,0.001779
glaring,0.001779
hedge,0.001779
annoyed,0.001779
sprawling,0.001779
fast:,0.001779
flinging,0.001779
return-ticket,0.001779
hatter',0.001779
forks,0.001779
tuesdays,0.001779
pitied,0.001779
longing,0.001779
child-life,0.001779
deed,0.001779
found:,0.001779
oldest,0.001779
guessing,0.001779
cucumber-frame,0.001779
post,0.001779
holly-leaves,0.001779
remaining,0.001779
christmas',0.001779
leading,0.001779
snap-dragon-flies,0.001779
rightly,0.001779
beloved,0.001779
muchness',0.001779
hansom-cabs,0.001779
poking,0.001779
morals,0.001779
'with,0.001779
calculation,0.001779
salmon,0.001779
question:,0.001779
telescope',0.001779
splendidly,0.001779
shady,0.001779
farmer,0.001779
joys,0.001779
warning',0.001779
hatter's,0.001779
flashed,0.001779
proceed,0.001779
noises,0.001779
three:,0.001779
meeting,0.001779
uncommon,0.001779
lumps,0.001779
lock,0.001779
settling,0.001779
rises,0.001779
baby',0.001779
part',0.001779
spoon:,0.001779
rivers,0.001779
tomorrow,0.001779
sliding,0.001779
snorted,0.001779
respect,0.001779
distinct,0.001779
weight,0.001779
furrow,0.001779
bright-eyed,0.001779
roughly,0.001779
returning,0.001779
'by-the-bye,0.001779
beauty,0.001779
bending,0.001779
therefore,0.001779
swallow,0.001779
positively,0.001779
'mouse,0.001779
rattlesnake,0.001779
cakes',0.001779
diamonds,0.001779
refreshments,0.001779
clever',0.001779
snout,0.001779
forty-two,0.001779
toothache,0.001779
accounting,0.001779
modern,0.001779
executioner's,0.001779
crashing,0.001779
growling',0.001779
outgrabing,0.001779
disappointment,0.001779
character,0.001779
quiver,0.001779
low:,0.001779
'where,0.001779
'alice',0.001779
stockings,0.001779
lowing,0.001779
bottles,0.001779
whereupon,0.001779
elegant,0.001779
'his,0.001779
crumbs,0.001779
'once',0.001779
chooses,0.001779
'first,0.001779
groan,0.001779
yelp,0.001779
handing,0.001779
fish:,0.001779
deal:,0.001779
happens',0.001779
shedding,0.001779
somethings,0.001779
table',0.001779
admire,0.001779
scaly,0.001779
tar-barrel,0.001779
'fifteenth',0.001779
rippling,0.001779
progress,0.001779
crouched,0.001779
affectionate,0.001779
jelly-fish,0.001779
fairly',0.001779
weeks',0.001779
unhappiness,0.001779
clearer,0.001779
immediate,0.001779
cottages,0.001779
winter:,0.001779
longer',0.001779
hid,0.001779
quarrelled,0.001779
contemptuous,0.001779
punch,0.001779
joining,0.001779
skurried,0.001779
papers,0.001779
disobey,0.001779
languid,0.001779
today,0.001779
uncommonly,0.001779
unfastened,0.001779
alone',0.001779
backs,0.001779
croqueting,0.001779
explained:,0.001779
snicker-snack,0.001779
ladys,0.001779
died,0.001779
true:,0.001779
weeds,0.001779
said',0.001779
contented,0.001779
manage',0.001779
raising,0.001779
twelfth',0.001779
proudest,0.001779
packed,0.001779
lost:,0.001779
blue:,0.001779
lines',0.001779
baby:,0.001779
dull',0.001779
'miss,0.001779
speech:,0.001779
arguing,0.001779
something',0.001779
folk,0.001779
magpie,0.001779
edgar,0.001779
'poor,0.001779
quicker,0.001779
absence,0.001779
leap,0.001779
repainted,0.001779
dyou,0.001779
sobbing',0.001779
rabbit:,0.001779
attempt,0.001779
gallons,0.001779
broiling,0.001779
fellows,0.001779
fury:,0.001779
17,0.001779
figures',0.001779
'shan't',0.001779
[youre,0.001779
lessons:,0.001779
'thinking,0.001779
[she,0.001779
australia',0.001779
'can't,0.001779
hearth-rugs,0.001779
stairs',0.001779
carrier',0.001779
france,0.001779
partners,0.001779
present',0.001779
'nothing',0.001779
currants,0.001779
shiver,0.001779
fits,0.001779
ever:,0.001779
spoon,0.001779
sal-volatile,0.001779
ground',0.001779
remedies,0.001779
table:,0.001779
'seven,0.001779
clutched,0.001779
'soles,0.001779
'an,0.001779
'twinkle,0.001779
don't',0.001779
skipping,0.001779
shiny',0.001779
wilderness,0.001779
consented,0.001779
adoption,0.001779
thirty,0.001779
would',0.001779
rolls,0.001779
writing-desks,0.001779
frontispiece,0.001779
bee:,0.001779
grief,0.001779
'will,0.001779
dusty,0.001779
rustling,0.001779
waste,0.001779
hiss,0.001779
fluttered,0.001779
tops,0.001779
shun,0.001779
'reeling,0.001779
survey,0.001779
released,0.001779
kissing,0.001779
curls,0.001779
moment:,0.001779
grander,0.001779
twinkled,0.001779
done:,0.001779
oyster',0.001779
measure,0.001779
meal,0.001779
couple',0.001779
wishing,0.001779
lesson-books',0.001779
rat-hole:,0.001779
pleasantly,0.001779
grant,0.001779
raw',0.001779
graceful,0.001779
places',0.001779
'serpent,0.001779
quivering,0.001779
three',0.001779
trial:,0.001779
scolded,0.001779
centre,0.001779
mouse-traps,0.001779
magic,0.001779
depends,0.001779
spot',0.001779
remembers,0.001779
puss',0.001779
climb,0.001779
curtseying,0.001779
promise,0.001779
strange-looking,0.001779
eighty-seven,0.001779
cattle,0.001779
refreshments',0.001779
impertinent',0.001779
poems,0.001779
fro,0.001779
discouraged,0.001779
alternately,0.001779
stops,0.001779
screams,0.001779
thou,0.001779
crashed,0.001779
patting,0.001779
poison,0.001779
worry,0.001779
works',0.001779
banquet,0.001779
horror,0.001779
choice',0.001779
believe',0.001779
stuff',0.001779
stays,0.001779
mattered,0.001779
maybe',0.001779
listeners,0.001779
ful,0.001779
dormouse:,0.001779
family,0.001779
childrens,0.001779
conquest,0.001779
audibly,0.001779
curiouser',0.001779
comparison,0.001779
hear:,0.001779
globe,0.001779
killed,0.001779
affair,0.001779
blazing,0.001779
'ugh',0.001779
pretence,0.001779
mournful,0.001779
won',0.001779
share,0.001779
inwards,0.001779
ysmim,0.001779
dreamy,0.001779
uncertain,0.001779
half-an-hour,0.001779
read:,0.001779
seventh,0.001779
officer,0.001779
table-cloths,0.001779
'pepper,0.001779
angrily:,0.001779
pet,0.001779
bristling,0.001779
shovel,0.001779
clearly',0.001779
entrance,0.001779
provoked,0.001779
principally,0.001779
roofs,0.001779
treacle-well',0.001779
frying-pan,0.001779
savage',0.001779
ancient,0.001779
ann',0.001779
stupid',0.001779
begged,0.001779
tremble,0.001779
lawn,0.001779
kitty:,0.001779
unicorns,0.001779
protection,0.001779
birthdays,0.001779
underneath,0.001779
tunes,0.001779
scale,0.001779
edges,0.001779
atheling,0.001779
spring,0.001779
house',0.001779
applause,0.001779
beach:,0.001779
passengers,0.001779
'you've,0.001779
further:,0.001779
scolding,0.001779
fig',0.001779
directions:,0.001779
coal-scuttles,0.001779
be-e-ehh,0.001779
judge',0.001779
floor:,0.001779
morning',0.001779
'unimportant',0.001779
tut,0.001779
marched,0.001779
dipping,0.001779
begun',0.001779
bats',0.001779
fact',0.001779
wig',0.001779
seat,0.001779
any',0.001779
luggage,0.001779
frighten,0.001779
tonight,0.001779
arrow,0.001779
company,0.001779
threes,0.001779
limbs,0.001779
commits,0.001779
guinea-pigs',0.001779
mince,0.001779
others',0.001779
that'll,0.001779
eggs',0.001779
wonders,0.001779
elbow-deep,0.001779
frothy,0.001779
damp,0.001779
scornful,0.001779
canvas,0.001779
wrong',0.001779
flower-bed,0.001779
tiger-lily:,0.001779
'besides,0.001779
suety,0.001779
swallowing,0.001779
shrink,0.001779
afraid',0.001779
stroking,0.001779
poured,0.001779
book-shelves,0.001779
respectful,0.001779
custard,0.001779
puffed,0.001779
recognised,0.001779
caucus-race,0.001779
stalk,0.001779
we're,0.001779
everywhere,0.001779
butter',0.001779
365,0.001779
pursuing,0.001779
shark,0.001779
farthing,0.001779
toil,0.001779
beauti,0.001779
agony,0.001779
humming,0.001779
like:,0.001779
pictured,0.001779
dahlia,0.001779
lest,0.001779
prettier',0.001779
laugh:,0.001779
burnt,0.001779
ladder,0.001779
darkness,0.001779
twists,0.001779
bustling,0.001779
machines,0.001779
'ten,0.001779
conversations,0.001779
chimney',0.001779
mulberry,0.001779
solid,0.001779
hiding-place:,0.001779
childs,0.001779
carving-knife,0.001779
chatte',0.001779
signify:,0.001779
queer-looking,0.001779
politely:,0.001779
dash:,0.001779
below',0.001779
treasures,0.001779
tassel,0.001779
tipple,0.001779
lesson,0.001779
turkey,0.001779
mayn't,0.001779
unclasping,0.001779
drive,0.001779
'stupid',0.001779
gimlet,0.001779
'on,0.001779
mountains,0.001779
misses,0.001779
queerly,0.001779
patriotic,0.001779
frumenty,0.001779
head's,0.001779
shakespeare,0.001779
brother:,0.001779
presented,0.001779
heads',0.001779
fastening,0.001779
night-air,0.001779
retire,0.001779
verses',0.001779
ravens,0.001779
resource,0.001779
writing-desk',0.001779
peering,0.001779
dismal,0.001779
eryg,0.001779
limed,0.001779
unwisely,0.001779
purpose,0.001779
feeling',0.001779
scrubbing,0.001779
couple,0.001779
pour,0.001779
'arrum',0.001779
'nor,0.001779
trials,0.001779
'until,0.001779
singing:,0.001779
'begin,0.001779
rapid,0.001779
week:,0.001779
skim,0.001779
fading,0.001779
spent,0.001779
balanced,0.001779
executed',0.001779
paused,0.001779
erew,0.001779
way:,0.001779
song',0.001779
puff,0.001779
aiming,0.001779
mallets,0.001779
likes',0.001779
wag,0.001779
playing:,0.001779
ballad,0.001779
'soo,0.001779
gloves:,0.001779
bowing,0.001779
realler,0.001779
choke,0.001779
hedge',0.001779
fills,0.001779
shorter',0.001779
charges,0.001779
fellow-traveller,0.001779
elsie,0.001779
begun:,0.001779
gate:,0.001779
umbrella:,0.001779
obeyed,0.001779
planning,0.001779
prosecute,0.001779
adjectives,0.001779
school',0.001779
bundles,0.001779
hop,0.001779
she'd,0.001779
'stuff,0.001779
cries,0.001779
newspapers,0.001779
where's,0.001779
eer,0.001779
cards,0.001779
blades,0.001779
loveliest,0.001779
powdered,0.001779
'pat,0.001779
thirst,0.001779
in:,0.001779
drawling-master,0.001779
onward,0.001779
incessantly,0.001779
planted,0.001779
pattern,0.001779
a-piece,0.001779
meant',0.001779
irritation,0.001779
tulip-roots,0.001779
permitted,0.001779
william's,0.001779
spoilt,0.001779
game's,0.001779
boughs,0.001779
leisurely,0.001779
hed,0.001779
faltered,0.001779
fasten,0.001779
batter,0.001779
insolence,0.001779
anklets,0.001779
dear:,0.001779
galumphing,0.001779
uncorked,0.001779
pocket',0.001779
reminding,0.001779
night-cap,0.001779
turn-up,0.001779
christmas,0.001779
them:,0.001779
tittered,0.001779
dusted:,0.001779
rudeness,0.001779
fed,0.001779
strength,0.001779
through',0.001779
favoured,0.001779
madly,0.001779
cutting,0.001779
twenty-four,0.001779
jubjub,0.001779
shingle,0.001779
loud:,0.001779
looks,0.001779
consultation,0.001779
chose',0.001779
'repeat,0.001779
ninety-times-nine,0.001779
ago:,0.001779
rowing,0.001779
be-e-e-etter,0.001779
curly,0.001779
tale',0.001779
hears,0.001779
waiting',0.001779
law,0.001779
one:,0.001779
bread-knife',0.001779
complained,0.001779
chrysalis,0.001779
nothing:,0.001779
winked,0.001779
boldly:,0.001779
ugh,0.001779
tweedledums,0.001779
slippery,0.001779
'anything,0.001779
tin,0.001779
attending',0.001779
larger:,0.001779
sawdust,0.001779
tillie,0.001779
new-found,0.001779
sympathize,0.001779
particularly,0.001779
declared,0.001779
overheard,0.001779
tumbles,0.001779
speaker',0.001779
hare:,0.001779
shepherd,0.001779
'hm,0.001779
lilys,0.001779
gazing,0.001779
truthful,0.001779
chief,0.001779
'whenever,0.001779
pretexts,0.001779
fainting,0.001779
'digging,0.001779
echoed,0.001779
covers,0.001779
gladly,0.001779
guilt',0.001779
transport,0.001779
'change,0.001779
execute,0.001779
advertisements,0.001779
arrived,0.001779
please:,0.001779
dragon-fly,0.001779
hatters,0.001779
ma',0.001779
nile,0.001779
poky,0.001779
cucumber-frames,0.001779
thinking:,0.001779
rolands,0.001779
fancying,0.001779
railway',0.001779
crossly:,0.001779
whiles',0.001779
'boots,0.001779
alphabet,0.001779
appearing,0.001779
verdict,0.001779
bell-handle,0.001779
sisters',0.001779
slate-pencil,0.001779
feet',0.001779
flap,0.001779
midst,0.001779
ours,0.001779
true',0.001779
'you',0.001779
repeated:,0.001779
pawns,0.001779
engraved,0.001779
himself:,0.001779
energetic,0.001779
weren't,0.001779
jack-in-the-box,0.001779
cabbages,0.001779
redder,0.001779
'either,0.001779
assistance,0.001779
flavour,0.001779
green:,0.001779
prettiest,0.001779
skies,0.001779
lies,0.001779
passionate,0.001779
scratching,0.001779
heard',0.001779
criticised,0.001779
'whoever,0.001779
chains,0.001779
hell,0.001779
anywhere,0.001779
he'll,0.001779
heartily,0.001779
open:,0.001779
ye,0.001779
travel,0.001779
talking',0.001779
dinah'll,0.001779
brandishing,0.001779
rode,0.001779
bathing,0.001779
rug,0.001779
finds,0.001779
uninteresting,0.001779
examining,0.001779
frown,0.001779
'stolen',0.001779
hedges',0.001779
'bring,0.001779
darlings,0.001779
acceptance,0.001779
attempts,0.001779
werent,0.001779
tongues,0.001779
perfect,0.001779
hopeless,0.001779
wicked,0.001779
'drive,0.001779
shows,0.001779
dodged,0.001779
curving,0.001779
decanters,0.001779
talking:,0.001779
ourselves,0.001779
thrown,0.001779
shadows,0.001779
furiously,0.001779
crown:,0.001779
towns,0.001779
supposing,0.001779
onions',0.001779
tougher,0.001779
offended',0.001779
candlesticks,0.001779
case',0.001779
from:,0.001779
eyelids,0.001779
stool,0.001779
downward,0.001779
stuffed,0.001779
'ou,0.001779
knock,0.001779
'chorus,0.001779
classics,0.001779
sting,0.001779
barking,0.001779
hand-rail,0.001779
smokes,0.001779
grace,0.001779
accents,0.001779
prattled,0.001779
human:,0.001779
dough,0.001779
proboscis,0.001779
'rule,0.001779
gathered,0.001779
livery:,0.001779
hot-tempered',0.001779
couples:,0.001779
beheaded,0.001779
lla,0.001779
turtle',0.001779
grasshopper,0.001779
feverish,0.001779
animal's,0.001779
sh',0.001779
contradicting,0.001779
marmalade',0.001779
lit,0.001779
'look,0.001779
shilling,0.001779
by:,0.001779
scornfully,0.001779
to-night,0.001779
jaws',0.001779
wrist,0.001779
enquired,0.001779
asleep',0.001779
interested,0.001779
ache',0.001779
tangled,0.001779
way',0.001779
stormy,0.001779
pursed,0.001779
stupidly,0.001779
before:,0.001779
gracefully,0.001779
behind',0.001779
liked',0.001779
drink:,0.001779
alive',0.001779
juror,0.001779
invited,0.001779
pine-apple,0.001779
'advance,0.001779
revived,0.001779
relented,0.001779
comfits:,0.001779
parts,0.001779
sternly,0.001779
ingenuity,0.001779
pant,0.001779
altered',0.001779
draggled,0.001779
knot',0.001779
adventures',0.001779
sprinkle,0.001779
sister's,0.001779
rapidly:,0.001779
ye-es,0.001779
look:,0.001779
rumbling,0.001779
beamish,0.001779
puzzled:,0.001779
sneezes,0.001779
spades,0.001779
whispers,0.001779
effect:,0.001779
avoid,0.001779
station,0.001779
think:,0.001779
else's,0.001779
sorrow,0.001779
injure,0.001779
flamingoes,0.001779
trying',0.001779
these',0.001779
clasp,0.001779
names',0.001779
sentenced,0.001779
sisters,0.001779
blotting,0.001779
means',0.001779
slightest,0.001779
bran:,0.001779
mystery,0.001779
handwriting',0.001779
king',0.001779
stay',0.001779
lapping,0.001779
writhing,0.001779
lately,0.001779
axis,0.001779
buttercup,0.001779
balances,0.001779
annoy,0.001779
obstinacy,0.001779
mouse:,0.001779
'fury,0.001779
somersault,0.001779
macassar,0.001779
merry,0.001779
unusually,0.001779
rats,0.001779
demurely,0.001779
shrimp,0.001779
peep,0.001779
mixing,0.001779
'was,0.001779
'talking,0.001779
romps,0.001779
cunning,0.001779
difficulties,0.001779
frosts,0.001779
bird',0.001779
improve,0.001779
decision:,0.001779
thatched,0.001779
sends,0.001779
bleat,0.001779
driest,0.001779
cartwheels,0.001779
theirs,0.001779
toast,0.001779
seaography:,0.001779
moment',0.001779
'same,0.001779
which',0.001779
callooh,0.001779
suet,0.001779
bother,0.001779
lamps,0.001779
gyroscope,0.001779
remarks',0.001779
straightening,0.001779
leaders,0.001779
waiter,0.001779
dancing',0.001779
fifteen,0.001779
axes',0.001779
beheading,0.001779
pudding-courses,0.001779
banks,0.001779
doze,0.001779
roots,0.001779
exclamation,0.001779
'he's,0.001779
wander,0.001779
quoth,0.001779
subject',0.001779
murdering,0.001779
thirty-times-three,0.001779
lacie,0.001779
sweet-tempered,0.001779
sizes,0.001779
frog-footman,0.001779
human,0.001779
got:,0.001779
aglow,0.001779
bite',0.001779
division,0.001779
producing,0.001779
hurricane,0.001779
scene,0.001779
stop',0.001779
introducing,0.001779
capering,0.001779
name:,0.001779
fourteen,0.001779
wed,0.001779
happen',0.001779
est,0.001779
hunt,0.001779
flock,0.001779
'however,0.001779
chattering,0.001779
refused,0.001779
rude',0.001779
kisses,0.001779
intend,0.001779
two',0.001779
accustomed,0.001779
judy,0.001779
banks:,0.001779
distinguish,0.001779
pen,0.001779
things:,0.001779
look-out,0.001779
baked,0.001779
occasional,0.001779
grins,0.001779
honestly,0.001779
fluttering,0.001779
stroked,0.001779
another:,0.001779
delay,0.001779
rearing,0.001779
growls,0.001779
'right,0.001779
girl',0.001779
teach,0.001779
squeezed,0.001779
prizes,0.001779
sixth,0.001779
gained,0.001779
schoolboys,0.001779
'write,0.001779
upside,0.001779
upsetting,0.001779
knots,0.001779
rapped,0.001779
commotion,0.001779
butters,0.001779
strike,0.001779
roared,0.001779
'their,0.001779
jaw,0.001779
orders,0.001779
late:,0.001779
stigand,0.001779
invited',0.001779
rhyme,0.001779
camomile,0.001779
must',0.001779
cur,0.001779
blinking,0.001779
failed:,0.001779
important',0.001779
chin:,0.001779
hideous,0.001779
[what,0.001779
flimsy,0.001779
skirt,0.001779
greedily,0.001779
bat',0.001779
saying',0.001779
rosetree,0.001779
drummed,0.001779
attend,0.001779
knight:,0.001779
'sh,0.001779
hyaena,0.001779
could:,0.001779
canterbury,0.001779
conger-eel,0.001779
finishing,0.001779
twos,0.001779
after-time,0.001779
'mine,0.001779
brightly,0.001779
confusing',0.001779
slimy,0.001779
'without,0.001779
forepaws,0.001779
eh,0.001779
phrase,0.001779
shillings,0.001779
seaside,0.001779
kinds:,0.001779
extra',0.001779
pockets,0.001779
left-hand,0.001779
bleeds,0.001779
killing,0.001779
sail,0.001779
dinner-party,0.001779
corkscrews,0.001779
vote,0.001779
rapidly,0.001779
appearance,0.001779
beseech,0.001779
bud,0.001779
means:,0.001779
isn't',0.001779
quadrille',0.001779
kinder,0.001779
next',0.001779
cheering,0.001779
toys,0.001779
treacle',0.001779
stamp,0.001779
lessen,0.001779
insects:,0.001779
unto,0.001779
galloped,0.001779
extra,0.001779
took:,0.001779
tipped,0.001779
fairy-tales,0.001779
snap-dragon-fly,0.001779
bough-wough,0.001779
snorting,0.001779
wheres,0.001779
quenched,0.001779
puppy's,0.001779
logic,0.001779
sharing,0.001779
terms,0.001779
headlong,0.001779
slower,0.001779
they've,0.001779
whiskers',0.001779
window-panes,0.001779
sell',0.001779
who's,0.001779
procession',0.001779
conqueror,0.001779
shine,0.001779
someone,0.001779
hurry:,0.001779
toffee,0.001779
dream-rushes,0.001779
'who's,0.001779
aloud:,0.001779
fivepence,0.001779
travelling,0.001779
dormouse's,0.001779
'never',0.001779
tinkling,0.001779
dried,0.001779
seems',0.001779
sun-dial,0.001779
'chop,0.001779
tickets,0.001779
'hand,0.001779
sideways,0.001779
corners,0.001779
sobbed,0.001779
gliding,0.001779
yhtils,0.001779
pleases',0.001779
lastly,0.001779
work-box,0.001779
sob,0.001779
model,0.001779
halfpenny,0.001779
yelled,0.001779
shtar,0.001779
honour:,0.001779
lizard's,0.001779
leaned,0.001779
ada',0.001779
hated,0.001779
milk-jug,0.001779
change:,0.001779
kissed,0.001779
knot,0.001779
furrows,0.001779
jogged,0.001779
marking,0.001779
coast,0.001779
doubled-up,0.001779
trick,0.001779
water-well',0.001779
knocks,0.001779
trunk,0.001779
lady',0.001779
ledge,0.001779
burst,0.001779
referring,0.001779
coming',0.001779
raven,0.001779
doubling,0.001779
brain,0.001779
purpose',0.001779
checking,0.001779
engaged,0.001779
expected:,0.001779
unwillingly,0.001779
thinner,0.001779
convenient,0.001779
lobsters',0.001779
cough,0.001779
purred,0.001779
pet:,0.001779
uglification',0.001779
speak',0.001779
news,0.001779
instead',0.001779
pope,0.001779
half-laughing,0.001779
occasionally,0.001779
civilly,0.001779
'catch,0.001779
cheese,0.001779
suppress,0.001779
passionately,0.001779
sandwiches,0.001779
up:,0.001779
ladle,0.001779
tea-things,0.001779
wages,0.001779
honours,0.001779
box:,0.001779
menai,0.001779
hush-a-by,0.001779
buffalo,0.001779
find',0.001779
sevot,0.001779
alarm:,0.001779
exactually,0.001779
cackled,0.001779
glancing,0.001779
sceptre,0.001779
sleeves,0.001779
flappers,0.001779
maps,0.001779
design,0.001779
uffish,0.001779
terribly,0.001779
tuesday,0.001779
'important',0.001779
duck:,0.001779
darted,0.001779
fidgeted,0.001779
days',0.001779
'sixteenth',0.001779
cheek:,0.001779
meat-course,0.001779
'shy,0.001779
aint,0.001779
knit,0.001779
hatching,0.001779
ending,0.001779
truth:,0.001779
dreadful',0.001779
chilly,0.001779
gay,0.001779
[band-aid],0.001779
fainted,0.001779
handy,0.001779
undergoing,0.001779
mournfully,0.001779
banging,0.001779
telescopes:,0.001779
tunnel,0.001779
ma'am,0.001779
lizards,0.001779
bewilderment,0.001779
yours:,0.001779
noisy,0.001779
stupidest,0.001779
brings,0.001779
honest,0.001779
fans,0.001779
minute',0.001779
irritated,0.001779
foot-soldiers:,0.001779
cooing,0.001779
truth,0.001779
longest,0.001779
seas,0.001779
imitate:,0.001779
snug,0.001779
hands:,0.001779
die:,0.001779
suggested:,0.001779
pinning,0.001779
breathless,0.001779
disrespectful,0.001779
drum,0.001779
'creatures',0.001779
trickling,0.001779
pace',0.001779
undo,0.001779
neighbour,0.001779
manxome,0.001779
briskly,0.001779
moss,0.001779
m',0.001779
something:,0.001779
'than,0.001779
butterflies,0.001779
order',0.001779
quilt,0.001779
elbmig,0.001779
softer,0.001779
shock,0.001779
'it'll,0.001779
cup',0.001779
prize,0.001779
eleventh,0.001779
fortunately,0.001779
fruit-tree,0.001779
fuss,0.001779
riper,0.001779
really',0.001779
'three,0.001779
selfish,0.001779
favour,0.001779
mischievous,0.001779
nothing',0.001779
sweet,0.001779
holiday',0.001779
offered,0.001779
oddly,0.001779
waist,0.001779
answers',0.001779
respectfully,0.001779
afore,0.001779
lazy,0.001779
various,0.001779
day-school,0.001779
howled,0.001779
bore,0.001779
esq,0.001779
fumbled,0.001779
offend,0.001779
quivered,0.001779
ni,0.001779
sink,0.001779
blacking,0.001779
mix,0.001779
'mary,0.001779
wiggling,0.001779
lions,0.001779
bough,0.001779
barley-sugar,0.001779
dream:,0.001779
sun-dials,0.001779
safer,0.001779
grassy,0.001779
thence,0.001779
judging,0.001779
guard:,0.001779
companion,0.001779
waters,0.001779
saved,0.001779
frightened:,0.001779
joy,0.001779
whatll,0.001779
hasnt,0.001779
sevogorob,0.001779
rub,0.001779
dwindled,0.001779
privilege,0.001779
denial,0.001779
cheaper,0.001779
'very',0.001779
waist',0.001779
tolling,0.001779
seizing,0.001779
'everything's,0.001779
comfits,0.001779
nearest,0.001779
flour,0.001779
'o,0.001779
woe,0.001779
canary,0.001779
'here',0.001779
'hush,0.001779
adding,0.001779
sound],0.001779
sighs,0.001779
processions,0.001779
'silence',0.001779
ridge,0.001779
'curiouser,0.001779
punching,0.001779
'well',0.001779
houses,0.001779
'swim,0.001779
trough,0.001779
answers,0.001779
embroidered,0.001779
had',0.001779
'wouldn't,0.001779
'from,0.001779
history',0.001779
rate:,0.001779
curling,0.001779
rope,0.001779
kicked,0.001779
extinguishers,0.001779
'any,0.001779
hangs,0.001779
awhile,0.001779
upstairs,0.001779
lend,0.001779
submitted,0.001779
officers:,0.001779
horse-fly,0.001779
thirteen,0.001779
eyes:,0.001779
law:,0.001779
tricks,0.001779
crept,0.001779
beneath,0.001779
corners:,0.001779
deafened,0.001779
uneasy:,0.001779
patted,0.001779
drifting,0.001779
objection,0.001779
sits,0.001779
might:,0.001779
gust,0.001779
meekly:,0.001779
maid,0.001779
willow-tree,0.001779
proceed',0.001779
mystery',0.001779
'she'd,0.001779
insult,0.001779
sneezes:,0.001779
terrier,0.001779
concert,0.001779
ebaw,0.001779
somebodys,0.001779
ebargtuo,0.001779
supple,0.001779
broad,0.001779
bounding,0.001779
thursdays,0.001779
thumped,0.001779
[he,0.001779
earlier,0.001779
cautiously:,0.001779
tea-tray,0.001779
bearing,0.001779
crust,0.001779
'important,0.001779
rescued,0.001779
ask:,0.001779
fixes,0.001779
wheat:,0.001779
ham,0.001779
'cheshire,0.001779
chose,0.001779
printed,0.001779
muscular,0.001779
becoming,0.001779
'dinah'll,0.001779
wags,0.001779
divides,0.001779
wagging,0.001779
'herald,0.001779
starting,0.001779
sharper,0.001779
awe,0.001779
conversations',0.001779
dishcover,0.001779
bawled,0.001779
___,0.001779
more:,0.001779
'nine,0.001779
one's,0.001779
adjourn,0.001779
chanced,0.001779
lass,0.001779
triumphant,0.001779
memories,0.001779
simpleton',0.001779
tide,0.001779
arrange,0.001779
dumpty:,0.001779
brother's,0.001779
victory,0.001779
'behead,0.001779
worried,0.001779
instantly:,0.001779
meanings,0.001779
prison',0.001779
follows:,0.001779
shyness,0.001779
accidentally,0.001779
end:,0.001779
fourth',0.001779
knitting-needles,0.001779
experiment',0.001779
arithmetic,0.001779
people',0.001779
foe,0.001779
peoples,0.001779
haunts,0.001779
red-hot,0.001779
flapper,0.001779
daisy:,0.001779
kills,0.001779
lesson-book,0.001779
shabby-looking,0.001779
flushed,0.001779
river-banks,0.001779
heroes,0.001779
slyly,0.001779
proposal,0.001779
carve,0.001779
bolster,0.001779
bites,0.001779
puzzler,0.001779
support,0.001779
educations,0.001779
purred:,0.001779
thered,0.001779
muddle,0.001779
jokes,0.001779
neighbouring,0.001779
bustled,0.001779
sleeping,0.001779
frabjous,0.001779
footman's,0.001779
gloomily:,0.001779
turk,0.001779
fiddle-sticks,0.001779
good-tempered,0.001779
'can,0.001779
tigers,0.001779
allowed,0.001779
rambling,0.001779
'up,0.001779
lodging,0.001779
desperately:,0.001779
passage:,0.001779
hurrying,0.001779
race-course,0.001779
enjoy,0.001779
ticking,0.001779
telegraph,0.001779
friendly,0.001779
wound,0.001779
inkstand,0.001779
groped,0.001779
punishment,0.001779
clinging,0.001779
cats:,0.001779
hand',0.001779
flamingo:,0.001779
dinah',0.001779
stupider,0.001779
reasons,0.001779
boys,0.001779
[almost,0.001779
suggestion,0.001779
imitated,0.001779
london,0.001779
purple,0.001779
antipathies,0.001779
bolsters,0.001779
visitors,0.001779
murder,0.001779
tastes,0.001779
conqueror',0.001779
lightly,0.001779
gather,0.001779
still:,0.001779
mumblingly,0.001779
holes,0.001779
lark,0.001779
headache,0.001779
bread-and-butterfly,0.001779
housemaid',0.001779
flustered,0.001779
overhead,0.001779
no',0.001779
inquisitively,0.001779
inch,0.001779
'keep,0.001779
prisoner's,0.001779
tune:,0.001779
tale:,0.001779
'we're,0.001779
characters,0.001779
learned,0.001779
bursting,0.001779
refreshing,0.001779
less',0.001779
snappishly,0.001779
curtain,0.001779
learn',0.001779
drawing-room,0.001779
bargains,0.001779
tweedledum:,0.001779
sorted,0.001779
childhood:,0.001779
uproar,0.001779
thorny,0.001779
step,0.001779
'twenty-four,0.001779
reaching,0.001779
attentively,0.001779
inconvenient,0.001779
careful,0.001779
needs,0.001779
bear,0.001779
'where's,0.001779
cards:,0.001779
relate,0.001779
lullabies,0.001779
expression,0.001779
spoil,0.001779
conduct,0.001779
'prizes,0.001779
plainly,0.001779
hills,0.001779
he'd,0.001779
wrapping,0.001779
mew,0.001779
364,0.001779
attends,0.001779
cardboard,0.001779
bushes,0.001779
whiter,0.001779
rust,0.001779
variations,0.001779
attempted,0.001779
reply:,0.001779
humbly,0.001779
meekly,0.001779
dish:,0.001779
sign,0.001779
highest,0.001779
dish-covers,0.001779
bear:,0.001779
provided,0.001779
hast,0.001779
eels,0.001779
everythings,0.001779
pop,0.001779
daisy-chain,0.001779
balls,0.001779
together:,0.001779
grumbled:,0.001779
'hjckrrh',0.001779
during,0.001779
trims,0.001779
deeply:,0.001779
mouse's,0.001779
burbled,0.001779
tripping,0.001779
with:,0.001779
heather,0.001779
shifting,0.001779
mostly',0.001779
gleam,0.001779
cheek,0.001779
loving,0.001779
straightened,0.001779
caterpillar's,0.001779
rocked,0.001779
b,0.001779
shoe,0.001779
hat',0.001779
lower',0.001779
summers,0.001779
reeds,0.001779
bargain,0.001779
pleasanter,0.001779
lighted,0.001779
sawt,0.001779
abide,0.001779
devoured,0.001779
runs,0.001779
zigzag,0.001779
twigs,0.001779
retorted,0.001779
'crumbs,0.001779
off:,0.001779
cart-horse,0.001779
reality,0.001779
accusation',0.001779
skimming,0.001779
arm-in-arm,0.001779
circle,0.001779
dog:,0.001779
sister:,0.001779
sorrow',0.001779
'stand,0.001779
kicking:,0.001779
exhausted,0.001779
wither,0.001779
breath:,0.001779
hearthrug,0.001779
nose:,0.001779
pie-crust,0.001779
ambition,0.001779
resistance,0.001779
executes,0.001779
shared,0.001779
obstacle,0.001779
added:,0.001779
hopping,0.001779
hand:,0.001779
crazy',0.001779
submit,0.001779
coils',0.001779
cropping,0.001779
writes,0.001779
'eat,0.001779
denies,0.001779
flower-pot,0.001779
tumtum,0.001779
am:,0.001779
resolutely,0.001779
two-yard,0.001779
lad,0.001779
'somebody,0.001779
extras',0.001779
jury-box',0.001779
kneel,0.001779
uncivil,0.001779
watch:,0.001779
shrieked,0.001779
huge,0.001779
folding,0.001779
rabbit',0.001779
dinners,0.001779
which:,0.001779
gleaming,0.001779
usual',0.001779
everything's,0.001779
knuckles,0.001779
histories,0.001779
result,0.001779
existence,0.001779
touch,0.001779
mountain-rill,0.001779
ticket:,0.001779
saucepans,0.001779
overcome,0.001779
streaming,0.001779
roses',0.001779
vicious,0.001779
heavily,0.001779
tips,0.001779
bridle,0.001779
'living,0.001779
t',0.001779
boon,0.001779
sand:,0.001779
cheated,0.001779
nap:,0.001779
never-ending,0.001779
latin,0.001779
ointment,0.001779
carriage-full,0.001779
____,0.001779
steady,0.001779
her',0.001779
drift,0.001779
saving,0.001779
gaily,0.001779
opera-glass,0.001779
briny,0.001779
death',0.001779
bundled,0.001779
'hadn't,0.001779
twopence-halfpenny,0.001779
footmen,0.001779
spoiled,0.001779
crocodile,0.001779
prove,0.001779
hoarsely,0.001779
gradually,0.001779
appealed,0.001779
gravel-walk,0.001779
eats,0.001779
unfinished,0.001779
either',0.001779
oil,0.001779
'w,0.001779
elephant,0.001779
multiplication,0.001779
loaded,0.001779
furious,0.001779
last',0.001779
brushing,0.001779
echoes,0.001779
amazing,0.001779
dream',0.001779
'pray,0.001779
oblong,0.001779
falls,0.001779
pencils,0.001779
beautify,0.001779
yours',0.001779
fiddlestick,0.001779
nose',0.001779
sap,0.001779
sour,0.001779
cleverest,0.001779
'dinah's,0.001779
chat,0.001779
annoyed',0.001779
fiercely,0.001779
familiarly,0.001779
trailing,0.001779
cards',0.001779
worked,0.001779
hits,0.001779
teaching,0.001779
idiotic',0.001779
whiffling,0.001779
too:,0.001779
scramble,0.001779
balancing,0.001779
hattas,0.001779
propped,0.001779
stingy,0.001779
wednesday:,0.001779
perplexity,0.001779
kind',0.001779
'collar,0.001779
proudly,0.001779
dazzled,0.001779
bewildered,0.001779
fretful,0.001779
wits',0.001779
explained',0.001779
fireworks,0.001779
moderate,0.001779
faced,0.001779
kill,0.001779
size',0.001779
uglify,0.001779
askance,0.001779
shade:,0.001779
'once,0.001779
shame,0.001779
dainties,0.001779
lighting,0.001779
peace,0.001779
cutting',0.001779
mop,0.001779
subdued,0.001779
purchase,0.001779
lolling,0.001779
uglifying',0.001779
1,0.001779
ticket,0.001779
plaintive,0.001779
suggested,0.001779
swinging,0.001779
punished:,0.001779
trays,0.001779
badgers,0.001779
sad',0.001779
arched,0.001779
hundreds,0.001779
paid,0.001779
wore,0.001779
speaks,0.001779
whispered:,0.001779
blame,0.001779
dinah:,0.001779
grunt',0.001779
rough,0.001779
can',0.001779
smoothed,0.001779
floating,0.001779
'read,0.001779
star-fish',0.001779
schoolroom,0.001779
sawing,0.001779
unlocking,0.001779
border,0.001779
derision',0.001779
beckoning,0.001779
leaves:,0.001779
mops,0.001779
grass-plot,0.001779
growing',0.001779
maids,0.001779
matter',0.001779
dancers,0.001779
intently,0.001779
stalks,0.001779
larkspur,0.001779
oddest,0.001779
grammar,0.001779
[like,0.001779
songs,0.001779
pig:,0.001779
snowed,0.001779
distracted,0.001779
gasp,0.001779
slice:,0.001779
'tut,0.001779
condemn,0.001779
elbow',0.001779
teapot,0.001779
ma,0.001779
'dear,0.001779
splash,0.001779
waved,0.001779
dine,0.001779
club,0.001779
'nonsense',0.001779
linked,0.001779
gunpowder,0.001779
dignified,0.001779
normans,0.001779
person',0.001779
righthand,0.001779
'fourteenth,0.001779
'sentence,0.001779
tangles,0.001779
plunged,0.001779
promising,0.001779
grazed,0.001779
wins,0.001779
clamour,0.001779
'moral',0.001779
otherwise',0.001779
rabbits,0.001779
puffing,0.001779
melted,0.001779
ordered',0.001779
airs,0.001779
signifies,0.001779
carrots,0.001779
owner:,0.001779
'each,0.001779
nevertheless,0.001779
grey,0.001779
fashion',0.001779
seldom,0.001779
farm-yard,0.001779
uncomfortably,0.001779
tickled,0.001779
agreed,0.001779
rath,0.001779
back-somersault,0.001779
conquered,0.001779
rustled,0.001779
hesitating,0.001779
managing,0.001779
ask',0.001779
raisin,0.001779
other',0.001779
consequences,0.001779
sheep-bells,0.001779
stamped,0.001779
'back,0.001779
teeth,0.001779
ships,0.001779
un-dish-cover,0.001779
anybodys,0.001779
chuckled,0.001779
excusing,0.001779
escape',0.001779
knolls,0.001779
opinion',0.001779
kangaroos,0.001779
fearful,0.001779
'allow,0.001779
sticky,0.001779
trial',0.001779
'silence,0.001779
chorus:,0.001779
impertinence,0.001779
toe,0.001779
dunce,0.001779
puzzle,0.001779
oughtnt:,0.001779
twentieth,0.001779
lids,0.001779
good-night,0.001779
disgrace,0.001779
conveniently,0.001779
languages,0.001779
helping,0.001779
dish-cover,0.001779
measuring,0.001779
curiously,0.001779
wednesday,0.001779
morsel,0.001779
sauntered,0.001779
upwards,0.001779
distraction,0.001779
'flamingoes,0.001779
dive,0.001779
pardoned',0.001779
frumious,0.001779
scold,0.001779
goats,0.001779
paled,0.001779
concert',0.001779
advantage',0.001779
completed,0.001779
steadily,0.001779
waves,0.001779
etiquette,0.001779
gauze,0.001779
sorrows,0.001779
afford,0.001779
hunted,0.001779
acres,0.001779
feasting,0.001779
majestys,0.001779
teases',0.001779
gold,0.001779
smile:,0.001779
visitor,0.001779
chortled,0.001779
meat,0.001779
blankets,0.001779
market-place,0.001779
waistcoat-buttons,0.001779
breeze,0.001779
billows,0.001779
coin,0.001779
snap,0.001779
engines,0.001779
partner',0.001779
bounded,0.001779
toilet,0.001779
easiest,0.001779
'explanations,0.001779
cheer,0.001779
jurors',0.001779
faintly,0.001779
beauties,0.001779
mustard-mine,0.001779
street,0.001779
violet,0.001779
strings:,0.001779
teetotum,0.001779
sup,0.001779
mans,0.001779
[but,0.001779
'idiot',0.001779
vague,0.001779
worm,0.001779
does',0.001779
correct,0.001779
flow,0.001779
'jury-men',0.001779
occasion,0.001779
doubt:,0.001779
'some,0.001779
daisy,0.001779
knitting:,0.001779
pondering,0.001779
jump,0.001779
bed',0.001779
rate',0.001779
cream,0.001779
she',0.001779
account,0.001779
'they'd,0.001779
trains,0.001779
dictionary,0.001779
ringing,0.001779
drives,0.001779
whos,0.001779
execution',0.001779
ykcowrebbaj,0.001779
idea',0.001779
received,0.001779
chessboard,0.001779
mustnt,0.001779
nay,0.001779
happen:,0.001779
sea-shore,0.001779
croqueted,0.001779
vanishing,0.001779
games,0.001779
splashed,0.001779
plain,0.001779
'ahem',0.001779
shaggy,0.001779
spied,0.001779
callay,0.001779
direction:,0.001779
borogove,0.001779
trouble',0.001779
footstep,0.001779
need:,0.001779
neck:,0.001779
velvet,0.001779
blowing,0.001779
penny,0.001779
fiddles,0.001779
hush,0.001779
pump,0.001779
door-post,0.001779
dotted,0.001779
tremendously,0.001779
glorious,0.001779
puzzle',0.001779
reproachfully,0.001779
hire,0.001779
garden:,0.001779
wall:,0.001779
table-cloth,0.001779
afterwards',0.001779
crowds,0.001779
belonging,0.001779
silence:,0.001779
violence,0.001779
zealand,0.001779
pun',0.001779
hall:,0.001779
awfully,0.001779
comb,0.001779
sage,0.001779
purse,0.001779
twice:,0.001779
scent,0.001779
shade,0.001779
alice',0.001779
sluggard',0.001779
mushroom',0.001779
engine-driver,0.001779
clap,0.001779
dates,0.001779
admittance,0.001779
cinders:,0.001779
immense,0.001779
rule:,0.001779
hand-in-hand,0.001779
minding,0.001779
thorns,0.001779
pulling,0.001779
frightening,0.001779
quarter,0.001779
undoing,0.001779
laughing:,0.001779
disbelieve,0.001779
dinner:,0.001779
warmth,0.001779
ear:,0.001779
unjust,0.001779
treated,0.001779
'orange,0.001779
dog's,0.001779
arguments,0.001779
usurpation,0.001779
somebody',0.001779
expressing,0.001779
where',0.001779
30,0.001779
whispering,0.001779
porcupine,0.001779
'certainly,0.001779
haven't',0.001779
disagree,0.001779
active,0.001779
stepped,0.001779
coffee,0.001779
stroke,0.001779
cherry-tart,0.001779
mayhap,0.001779
march',0.001779
fashion,0.001779
sneezed,0.001779
humbly:,0.001779
failure,0.001779
soles,0.001779
higher,0.001779
fiddle-de-dees,0.001779
microscope,0.001779
coats,0.001779
nests,0.001779
uglification,0.001779
unicorn:,0.001779
shall',0.001779
treat:,0.001779
bellowing,0.001779
round',0.001779
treacle-well,0.001779
flurry,0.001779
wrapped,0.001779
pepper-box,0.001779
greater,0.001779
verse:,0.001779
untwist,0.001779
saturday,0.001779
door:,0.001779
vexes,0.001779
vulgar,0.001779
arrived:,0.001779
cheap,0.001779
tremulous,0.001779
creatures',0.001779
steps,0.001779
washing',0.001779
measurements,0.001779
seen:,0.001779
oyster-bed,0.001779
you:,0.001779
hoped,0.001779
twiddle,0.001779
involved,0.001779
castles,0.001779
crumpled,0.001779
'serpent',0.001779
comforted,0.001779
he',0.001779
phantomwise,0.001779
dnagillirb,0.001779
dinner',0.001779
divide,0.001779
knelt,0.001779
copper,0.001779
produced,0.001779
form,0.001779
getting',0.001779
trusts,0.001779
],0.001779
slates'll,0.001779
ham-sandwiches,0.001779
sixpence,0.001779
altering,0.001779
beckoned,0.001779
'nearly,0.001779
executioner:,0.001779
fix,0.001779
wood',0.001779
sky-rocket',0.001779
themselves',0.001779
needed,0.001779
justice,0.001779
child:,0.001779
'never,0.001779
admiring,0.001779
contradicted,0.001779
pressing,0.001779
attitude,0.001779
sought,0.001779
closely,0.001779
pity',0.001779
mayor,0.001779
calmly,0.001779
'unless,0.001779
offended:,0.001779
