sprawling,1
hard,17
sudden,16
turned,34
horror,1
floating,1
fivepence,1
accidentally,1
twists,1
grunted,4
places,4
cost,1
news,1
cabs,1
try,26
party,12
sands,2
chat,1
soft,7
nice,20
fiddles,1
stupidly,1
odd,5
argued,2
through,57
provoked,1
carrots,1
toe,1
mimsy,4
worst,2
lend,1
balls,1
teetotum,1
lawn,1
habit,2
smoothly,2
terms,1
objected,5
suggestion,1
ebaw,1
ought,33
strange,8
rush,2
commits,1
beds,5
line,3
morals,1
cheering,1
deeply,7
kept,22
she,1065
ah,10
ahem,1
promise,1
wall,5
oh,86
purring,2
else's,1
tremulous,1
draw,10
candle,4
dreamily,2
careful,1
backs,1
uncivil,1
house,34
steps,1
broke,5
contemptuous,1
butters,1
oars,5
throat,2
dormouse's,1
secondly,2
country,8
taking,14
excusing,1
shedding,1
sixth,1
havent,10
world,12
waited,15
roses,4
swimming,2
teeth,1
addressed,3
loudly,3
circumstances,2
follows,3
cries,1
redder,1
applause,1
solemn,6
july,2
lonely,3
almost,17
rabbits,1
regular,7
pink,2
leisurely,1
peeping,4
limed,1
further,11
stroke,1
possible,4
railway,4
again,161
involved,1
watch,13
mouse's,1
mineral,2
chattering,1
plainly,1
fairly,1
lose,6
passage,7
ordered,4
steady,1
sharply,5
didnt,38
grown,8
nobody,21
repeat,13
comb,1
she'll,3
yesterday,7
eaglet,3
however,48
finger,16
lory,7
deal,21
year,5
joys,1
hatta,10
grand,10
punished,6
echoes,1
scroll,2
remains,2
wide,6
feasting,1
likes,1
air,30
assistance,1
sell,6
spades,1
feet,39
executioner,5
rode,1
unjust,1
raths,4
wow,6
dance,15
judy,1
called,30
picture,2
exact,3
threes,1
sighed,9
loud,19
id,12
brillig,4
rowing,1
seem,13
hedge,2
bee,6
sympathize,1
rhyme,1
fat,4
curtseying,1
tucked,3
theirs,1
prisoner,4
solid,1
crime,2
why,79
cheek,2
telescope,4
must,91
i,913
beheaded,3
yelp,1
considered,6
wondering,12
uffish,1
spoken,6
pebbles,2
really,43
dears,3
tried,31
alarm,9
chimney,8
mightnt,2
biscuit,2
shaking,9
attempted,1
politely,12
blankets,1
great,89
patience,2
unhappy,5
kick,5
game's,1
fabulous,3
respectable,2
snout,1
beach,1
encouraged,2
died,1
summers,1
doubling,1
use,33
music,7
trouble,8
brings,1
splendidly,1
frighten,1
too,61
gazing,1
wrapped,1
shant,2
animal,2
ring,5
arrow,1
yes,27
instantly,9
stirring,2
pepper,9
curiosity,10
herald,1
path,6
sum,2
salmon,1
quicker,1
tangled,1
drawling,3
hurried,13
coal,1
remaining,1
figure,4
crust,2
place,20
above,5
caught,13
shark,1
washing,4
cares,2
bonfire,2
earls,2
shrimp,1
win,2
wrote,3
arrange,1
attended,2
skies,1
thirsty,4
morrow,4
doors,3
desks,1
stiffly,3
clear,6
master,5
spied,1
upstairs,1
run,16
pour,1
below,3
crazy,1
suppose,37
door,47
chairs,2
ask,24
curiously,1
support,1
bought,4
grass,8
clubs,2
mop,1
quenched,1
supple,1
insult,1
broiling,1
lizard's,1
doubled,1
snicker,1
heels,2
nap,1
legged,2
touched,2
stairs,6
managed,13
questions,7
smooth,2
rustling,1
what,269
cupboards,2
expressing,1
pope,1
curtseyed,2
poison,3
edgar,1
rolled,5
of,999
screaming,4
you'd,10
slightest,1
wabe,5
be,305
times,20
courtiers,2
honours,1
look,64
thimble,4
using,2
reduced,2
strings,3
shake,8
appear,2
sitting,29
disobey,1
ii,2
bridle,1
piteous,2
length,2
bird,5
disappeared,3
portmanteau,2
manage,17
worried,1
so,355
labelled,2
folk,1
flock,1
banks,3
cloud,4
travel,1
started,5
whereupon,1
sat,30
difficulty,8
subtraction,4
thumped,1
whisper,11
checking,1
forgetting,6
christmas,2
squeezed,1
thick,5
fanned,2
anxiety,2
pinning,1
ways,7
dream,22
delay,1
doubt,7
small,14
affectionate,1
bleeding,2
seas,1
remembered,7
reeling,1
woe,1
road,12
ill,39
flow,1
walking,18
halfpenny,2
skimming,1
drank,3
uncommonly,1
sobs,5
quiet,3
kicked,1
thin,4
dry,12
general,4
ridges,1
an,114
seals,1
avoid,1
venture,5
anxious,9
chortled,1
creep,2
pass,3
beauties,1
crept,1
scold,1
swept,2
speaker,1
experiment,3
true,5
lastly,1
saucer,2
dreaming,8
stingy,1
vain,2
grant,1
faces,10
divide,1
takes,3
shows,1
settled,6
queen's,7
ideas,2
memory,3
butterfly,3
toil,1
trunk,1
divided,3
they'd,4
messenger,12
shelf,6
fifty,2
hiss,1
hop,1
attends,1
[youre,1
selfish,1
claws,3
twos,1
hand,56
ahoy,4
slates'll,1
shabby,1
calculation,1
cant,38
smoothed,1
arch,2
agreed,1
usurpation,1
thrown,1
likely,10
wrapping,1
headache,1
revived,1
uncomfortably,1
someone,1
flame,2
tougher,1
climb,1
opened,15
saw,28
stole,2
other,103
opening,5
whos,1
empty,4
tinkling,1
french,7
itself,26
green,10
stuff,6
clamour,1
burnt,1
turtle,57
custody,2
far,27
owl,3
posts,3
lily,15
footman's,1
near,22
mostly,4
blow,2
extra,2
sluggard,1
easier,2
indeed,25
youre,34
fixes,1
corner,7
shape,7
kind,17
club,1
comfort,7
arrived,2
packed,1
laughing,7
remedies,1
nile,1
dark,12
waves,1
animal's,1
serpents,3
jug,1
thumb,2
nevertheless,1
advertisements,1
tar,1
book,23
name,37
talks,2
expecting,4
blazing,1
eryg,1
tunes,1
obstinacy,1
tempered,3
caucus,3
nowhere,3
crash,4
lately,1
correct,1
wrong,12
childrens,1
briskly,1
night,13
heather,1
pale,6
wine,5
imitate,1
bundled,1
wits,1
sorrow,2
frabjous,1
reading,3
conclusion,2
fixed,3
generally,14
thank,11
leap,1
painting,2
unable,2
tastes,1
who,93
steam,3
prosecute,1
wax,4
dinners,1
quarrelled,1
nurse,5
real,13
crow,5
warmer,2
think,105
directions,7
creature,12
moving,6
shells,1
tease,2
knowing,4
seventh,1
bearing,1
dinn,2
altered,1
entirely,5
fulcrum,2
snowed,1
boldly,1
just,126
beware,2
settling,1
pudding,15
wish,40
against,14
reached,4
variations,1
crowds,1
millennium,2
carpenter,12
within,4
puppy,6
animals,5
give,26
prove,1
belong,3
swim,5
divides,1
elbows,2
messengers,4
hide,2
without,45
cloths,1
candles,3
fireworks,1
little,245
row,5
four,20
sums,3
rescued,1
subjects,2
awhile,1
hold,25
jump,1
rain,3
sour,1
flashed,1
heap,5
pursuing,1
yellow,2
cut,15
opportunity,10
decidedly,7
completed,1
kindly,7
scrubbing,1
sent,10
making,13
allow,3
carrying,3
burn,2
dust,3
remarkable,2
eating,4
ferrets,2
shed,3
jubjub,1
took,58
bounded,1
mustard,3
directed,2
count,2
stooping,2
important,8
clothes,2
since,4
handed,5
forgotten,6
raving,2
bringing,3
taste,3
supposing,1
brandishing,1
passionate,1
quadrille,4
dahlia,1
tureen,3
covers,2
bark,2
huge,1
branch,5
verbs,2
umbrella,7
jam,8
spread,8
frowning,6
shining,6
tulgey,1
hesitating,1
dreadfully,8
cinders,3
ugh,2
darkness,1
they've,1
law,2
pennyworth,2
twinkle,8
trays,1
distracted,1
rough,1
tolling,1
flour,1
drummed,1
carelessly,2
neighbour,1
lap,6
fountains,2
oddest,1
brightly,1
obeyed,1
nine,10
sentenced,1
form,1
shovel,1
several,13
pushed,2
[like,1
ships,1
streaming,1
tongues,1
dismay,3
wild,3
lefthand,2
_i_,20
knights,2
you're,23
water,16
sorrowful,2
wont,11
pigeon,13
can,104
done,32
refreshing,1
looking,96
softly,3
spectacles,4
might,51
eh,1
saucepan,2
everything's,2
saddle,7
daughter,2
paper,8
forest,5
lines,1
proposal,1
alphabet,1
fainted,1
toilet,1
attitudes,3
tonight,1
sea,18
doll,2
sun,8
finds,1
seaside,1
wonder,33
afternoon,3
certain,10
please,36
cleared,2
adjectives,1
trailing,1
less,5
faint,5
crashed,1
airs,1
repeating,7
atom,2
shame,1
soles,2
heres,4
crossly,1
badly,2
meeting,1
closed,2
pitied,1
grammar,1
locks,2
meekly,2
month,2
twelfth,1
thered,1
rill,1
tails,3
proper,5
sixpence,1
intend,1
dormouse,39
hippopotamus,2
longer,5
stamping,2
glaring,1
immediately,5
loves,2
sure,45
adventures,8
difficult,4
looks,1
dazzled,1
exclaimed,14
continued,12
take,50
i'll,31
lodging,1
beyond,4
made,52
bud,1
curled,4
plates,4
terribly,1
assure,2
stay,9
sceptre,1
kittens,4
soup,23
months,3
he'd,1
longitude,2
case,8
frosts,1
l,2
scolding,1
rapidly,2
looked,100
brought,7
longing,1
poky,1
fainting,1
maybe,3
better,45
stigand,1
help,38
dipping,1
who's,2
that,592
shelves,3
sail,1
order,5
hung,7
filled,4
afterwards,15
marched,1
alas,4
crying,5
wore,1
onward,1
pop,1
wringing,2
beseech,1
tiger,12
shading,2
diamonds,1
humming,1
couples,1
pegs,3
slices,2
station,1
ten,9
humbly,2
viii,2
furrows,1
meat,2
doesn't,16
copper,1
hopes,2
timidly,17
____,1
furious,1
bone,4
dash,1
entangled,3
fastened,3
coffee,1
proboscis,1
daisies,5
plaintive,1
tarts,7
meanwhile,3
immense,1
shrieked,1
governess,2
marked,13
kisses,1
kneel,1
determined,3
keeping,6
kissing,1
amusement,2
beautifully,3
refused,1
crouched,1
somehow,8
creatures,15
reminding,1
slowly,16
bough,2
seaography,1
purple,1
character,1
growled,4
egg,9
falling,8
muddle,1
fastness,3
madly,1
tin,1
folded,4
play,12
mad,15
rich,2
saves,3
thorns,1
stiff,3
said,935
es,1
helping,1
enquired,1
dum,2
flimsy,1
nibbling,3
paris,2
mattered,1
languid,1
ninety,3
awe,1
nervously,3
slates,7
severely,5
seen,27
prettiest,1
wriggling,2
recovered,5
do,203
wildly,7
invitation,2
end,34
practice,8
usual,11
screamed,6
boy,6
games,1
fill,5
whoever,1
handwriting,1
beginning,30
faintly,1
gradually,1
winter,4
going,50
moment,72
bed,5
belt,4
corrected,3
guests,8
sides,5
comparison,1
askance,1
ridiculous,5
cushion,2
oysters,10
beard,2
girl,7
calmly,1
spreading,2
aloud,10
relief,2
ate,4
unfortunate,3
didn't,14
grew,4
turtle's,2
brave,2
nicely,4
printed,1
extras,1
listened,3
furiously,1
grow,13
shouldn't,5
woman,2
tangles,1
insolence,1
left,24
doubtful,3
thanks,2
thistle,2
sternly,1
snappishly,1
chess,2
papers,1
write,9
logic,1
right,51
trickling,1
longed,2
beautify,1
dodo,13
addressing,4
crocodile,1
sheep,22
nearly,21
eaten,2
rolands,1
kissed,1
bewildered,1
observe,2
knave,9
cover,2
marmalade,1
keep,31
catching,6
they're,13
river,2
verdict,4
teach,1
distraction,1
tillie,1
mind,27
apple,1
able,7
frumious,1
worked,1
seated,3
plain,1
willing,2
hour,4
signifies,1
o,8
threw,3
sticky,1
scolded,1
est,1
eight,2
kitten,22
forty,1
dead,8
answer,31
beauti,1
snowdrop,2
ix,2
leant,3
woods,3
swallowed,2
come,95
unwisely,1
reasonable,2
edwin,2
twig,2
rubbing,5
collected,2
second,7
quilt,1
itll,11
permitted,1
cart,1
[band,1
tell,66
nearer,6
jurymen,4
william's,1
triumphant,1
gunpowder,1
peeped,3
grave,4
modern,1
height,5
makes,19
larkspur,1
growls,1
yet,42
tiny,6
respectfully,1
silvery,2
canterbury,1
can't,28
bad,5
larger,11
criticised,1
glad,21
breathless,1
treat,4
lass,1
fro,1
soothing,5
he'll,1
softer,1
swam,5
gyre,5
jury,22
bells,1
butter,16
stepped,1
go,109
leading,1
multiplication,1
sunny,2
rest,18
inches,9
kiss,3
sup,1
extraordinary,4
reeds,1
oclock,2
speed,2
sound],1
yonder,2
demurely,1
galloped,1
leaned,1
snore,2
twelve,4
lla,1
barley,1
pool,11
both,33
bore,1
capering,1
dough,1
miserable,4
telegraph,1
wind,8
enjoy,1
nonsense,14
foot,13
helmet,10
hours,9
saucepans,1
sigh,9
oldest,1
your,133
treading,2
mice,8
often,12
lying,16
banquet,1
drift,1
where's,2
tie,1
dog,6
pun,1
old,45
crawled,2
interrupting,2
unwillingly,1
mallets,1
bit,27
mercia,2
joint,3
squeaking,3
toothache,1
i'd,11
have,178
cutting,2
enemy,2
glory,3
twigs,1
inquisitively,1
darted,1
cheated,1
new,17
bite,4
boughs,1
lullaby,2
straightening,1
bandersnatch,3
taught,6
intently,1
despair,3
brooks,2
bread,22
belonging,1
the,3238
advisable,2
sight,17
gravely,9
argue,2
overcome,1
sneezes,2
gravel,1
perhaps,24
schoolboys,1
blasts,2
ann,4
ni,1
farthing,1
heard,41
danger,2
feverish,1
stopping,3
currants,1
head,112
quiver,1
indignantly,7
grunt,1
that'll,1
pinch,2
lamps,1
hatching,1
gate,5
whether,23
machines,1
sizes,1
inkstand,1
clearer,1
rustled,1
rearing,1
outside,6
seeing,2
dreamed,3
wishing,1
sharp,9
pleased,13
zealand,1
hearth,5
d,1
trampled,1
bustled,1
grazed,1
youve,25
brother's,1
autumn,3
crab,7
ever,43
callay,1
passengers,1
frog,9
doth,3
single,2
elephants,2
enormous,5
vulgar,1
isn't,7
horses,11
bursting,1
she'd,2
narrow,4
each,29
pan,1
drives,1
faced,1
comfits,2
complaining,2
annoyed,2
rider,2
if,252
toss,2
teapot,1
succeed,2
full,19
vinegar,2
ringlets,2
shook,21
contradicted,1
visitor,1
normans,1
speak,31
warning,1
suddenly,34
bar,2
thatched,1
notion,4
inwards,1
whispers,1
bring,7
forgot,5
puffing,1
trough,1
rats,1
fan,12
promised,3
feathers,2
hair,27
couldnt,37
things,82
produced,1
drums,2
except,5
week,7
blacking,1
fifteenth,1
mournful,1
already,9
gathered,1
quivering,1
meal,1
fork,2
punishment,1
dictionary,1
himself,21
earth,4
skirt,1
moon,2
rushed,2
appearing,1
their,80
knee,7
upright,3
horn,2
spoke,35
tales,1
sorted,1
thence,1
wise,3
trying,24
bargains,1
hadn't,8
cry,11
snoring,5
explained,7
dignified,1
ada,1
golden,9
officers,4
all,374
tumbling,4
nay,1
orders,1
sign,1
lock,1
teases,1
leaning,3
enjoyed,2
miss,7
favourite,3
sal,1
shall,46
handkerchief,4
mouths,4
fresh,2
answered,9
squares,2
gimlet,1
business,10
blinking,1
phrase,1
taken,8
violently,5
story,8
advise,2
instance,7
lump,2
midst,1
language,3
valley,2
france,1
amazing,1
rust,1
bawled,1
sort,36
appearance,1
transport,1
close,25
scene,1
roared,1
paint,2
snap,3
lightly,1
away,62
mock,56
choose,4
longest,1
speaks,1
mix,1
splashed,1
whatll,1
puff,1
anglo,5
quietly,13
slithy,5
beautiful,20
peace,1
pair,11
camomile,1
something,43
knuckles,1
shiny,1
noisy,1
own,24
paused,1
beak,2
boon,1
powdered,1
kettle,3
fields,2
tuesdays,1
cucumber,2
nervous,8
contented,1
fans,1
proves,2
dear,53
neednt,6
hedgehogs,3
earthquake,2
thats,45
interesting,6
theyll,3
straightened,1
bridge,3
engines,1
content,3
tail,11
undo,1
coats,1
turns,5
gone,19
gaily,1
heavy,8
conduct,1
improve,1
purpose,2
her,520
remember,27
b,1
tongue,5
pence,1
childhood,1
gleam,1
introduce,4
walked,19
whenever,8
canary,1
retire,1
ready,17
eighth,5
twentieth,1
fiercely,1
t,1
im,65
ehh,1
hideous,1
dragged,2
meanings,1
waist,2
yhtils,1
rang,2
pieces,5
choke,1
obediently,2
bill's,4
hunt,1
smaller,3
ravens,1
welcome,3
australia,1
hurting,3
woke,2
saying,29
ou,1
minutes,16
lets,14
angry,10
pulling,1
rapid,1
sticking,4
hills,1
across,13
castles,1
pawns,1
frying,1
sink,1
delight,9
underneath,1
one,250
farmer,1
kill,1
stand,9
abide,1
twas,3
yer,4
don't,61
along,21
shepherd,1
returning,1
cause,6
punching,1
ache,1
hedges,3
eat,21
well,131
constant,2
rule,17
market,1
holly,1
reasons,1
bat,3
duchess's,3
silent,13
merrily,2
friend,6
consider,10
fretful,1
means,13
cheap,1
skim,1
directly,7
lovingly,2
twinkled,1
sobbed,1
last,83
dragon,3
bees,5
m,4
lazy,1
drawl,1
pronounced,2
fear,11
thursdays,1
back,72
toast,1
jogged,1
eats,1
isnt,16
condemn,1
court,18
proud,6
outgrabing,1
sooner,3
model,1
clasping,2
snug,1
tortoise,3
cap,1
courage,4
spoon,2
forwards,4
werent,1
dried,1
sliding,1
merely,2
pointing,7
uglify,1
ladle,1
classics,1
ledge,1
frame,1
wilderness,1
occasionally,1
insect,4
elephant,1
theyve,6
fellows,1
handy,1
reply,10
afore,1
concert,2
morcar,2
bank,5
fearful,1
awkward,3
walrus,14
opposite,5
quoth,1
remembers,1
sprinkle,1
overhead,1
mountain,1
feather,7
they'll,4
existence,1
coils,1
carefully,8
borogoves,3
[almost,1
rattlesnake,1
ticking,1
tone,81
actually,3
pawn,4
nohow,5
nightcap,2
gimble,5
seemed,53
thousand,9
slow,4
cook,14
bushes,1
waved,1
breath,20
pack,5
finding,5
globe,1
pocket,11
drive,2
turn,28
sprang,2
thought,160
mischief,4
dripping,2
jaw,1
plot,1
disrespectful,1
glass,39
beau,4
stamped,1
buy,5
instead,6
twice,11
imitated,1
beating,3
waste,1
shrinking,4
tripping,1
fur,3
wither,1
ballad,1
queerest,2
listening,5
telling,5
shore,5
tears,20
croquet,9
child,26
ugly,3
notice,9
alive,8
failure,1
pinned,2
e,10
kitty,25
erew,1
thee,2
sends,1
sighing,3
vote,1
unusually,1
talking,35
soldier,2
kicking,1
impatient,2
thunderstorm,4
louder,2
art,2
dials,1
see,153
ladys,1
arched,1
battle,7
trial's,3
everywhere,1
agony,1
signify,1
30,1
vexation,2
engaged,1
frown,1
wonderland,4
survey,1
william,7
says,7
sing,12
digging,4
sh,2
shakespeare,1
view,2
arguing,1
edge,7
processions,1
hiding,1
moss,1
tight,4
chilly,1
get,97
dinah,21
offered,1
standing,6
presents,5
suety,1
key,9
dumpty,53
raw,1
train,2
tremble,1
carve,1
proved,2
bargain,1
wait,10
faster,13
1,1
ebargtuo,1
hollow,2
highest,1
confused,5
clean,2
reproachfully,1
we,66
covered,3
hated,1
wednesday,2
want,24
hatter's,1
picked,9
crabs,4
patriotic,1
bush,2
wave,2
submit,1
shaggy,1
patiently,3
strike,1
would,173
first,84
youd,22
been,84
difference,2
fine,4
rambling,1
cider,1
closely,1
therell,2
pleasantly,1
holds,2
curtsey,4
pitying,2
decided,3
pretence,1
sulky,6
beg,13
irritation,1
showing,2
same,43
irritated,1
haste,2
awfully,1
depends,1
frumenty,1
flew,3
dare,8
hear,34
tied,2
trot,2
dna,2
brush,4
progress,1
will,52
meet,8
mournfully,1
state,3
arithmetic,1
scrambled,4
snatch,2
heart,5
stalk,1
porcupine,1
ingenuity,1
prizes,5
to,1466
wink,3
ventured,10
largest,2
footsteps,2
invisible,2
could,148
triumphantly,8
guard,6
commotion,1
tut,2
bundles,1
ma,2
attitude,1
idiotic,1
hell,1
salt,2
ink,5
sword,2
sad,4
youll,24
helpless,2
day,56
stretching,3
melt,2
hoarsely,1
you've,7
moment's,2
producing,1
grin,7
gleaming,1
exclamation,1
double,2
riddles,3
purse,1
tables,3
encouraging,2
riddle,5
what's,5
behind,24
low,21
engraved,1
bend,2
bolsters,1
ending,2
rises,1
rocket,1
stool,1
pet,2
dye,3
baby,16
forget,4
prettier,1
floated,2
drunk,2
faltered,1
best,29
agree,3
fasten,1
cold,7
smiling,4
killing,1
rumbling,1
nasty,3
he's,3
save,3
lay,9
stick,6
follow,4
curiouser,2
human,2
uncomfortable,8
colour,2
tickets,1
box,17
pictures,5
balanced,1
joining,1
tremendously,1
books,5
whiting,8
easily,8
petals,4
screams,1
show,8
goldfish,2
reins,3
upon,41
then,204
worse,6
advance,3
fluttered,1
mixed,2
interest,5
rug,3
tweedledee,26
puss,1
fifteen,1
safer,1
seriously,3
tips,1
snorted,1
guilt,1
raven,1
am,30
by,119
kangaroos,1
wider,2
temper,13
choking,3
knife,8
active,1
wags,1
set,30
mistake,4
rat,1
arranged,2
bristling,1
queen,247
poetry,10
prize,1
panes,1
hanging,5
uglifying,1
truthful,1
bent,2
accounting,1
caterpillar,27
smiled,8
prevent,3
couldn't,9
sought,1
touch,1
clasp,1
birds,14
draggled,1
children,12
propped,1
theres,29
stupider,1
remained,3
answers,2
puzzled,20
impatiently,12
wondered,3
spring,1
meant,17
lie,4
thirteen,1
lips,4
uncertain,1
waking,4
occasion,1
minding,1
leaders,1
slimy,1
suppressed,4
girls,3
hare,31
explaining,2
footmen,1
earnestly,2
raised,4
when,159
she's,7
locked,2
field,3
justice,1
partner,1
outgrabe,4
reality,1
partners,1
balancing,1
respect,1
exhausted,1
anyhow,2
everybody,14
centre,1
read,15
whose,8
unwound,2
tray,1
eyelids,1
harm,2
rosetree,1
riding,3
returned,6
lowing,1
languages,1
expect,3
volatile,1
shoe,1
reach,7
stumbled,2
finishing,1
strength,1
shouted,13
passing,3
circle,1
absence,1
pace,1
scramble,1
memories,1
counter,3
downward,1
incessantly,1
wed,1
asked,45
knew,22
assembled,2
romps,1
puffed,1
entrance,1
cream,1
queens,19
pricked,3
brown,9
wasting,3
clap,1
you,874
break,2
puzzling,6
years,4
followed,10
trees,15
waving,10
gardens,3
jumping,8
post,2
shut,17
carrier,1
laid,5
annoy,1
choosing,3
finish,5
idiot,1
perfect,1
changes,2
unfastened,1
useful,4
toes,4
silence,31
vegetable,2
lark,1
sometimes,17
land,3
dropping,2
remarks,4
blotting,1
baked,1
changing,2
luggage,1
birthdays,1
much,109
england,3
nose,13
judging,1
murder,1
punishments,2
pine,1
manner,5
search,2
wife,2
clearly,3
],1
squeeze,4
shes,14
turning,25
iii,2
dinner,10
hit,5
believed,2
tired,10
mans,1
wicked,1
thinking,26
has,24
side,49
rattling,2
being,41
cherry,1
make,78
pressed,3
rath,1
sighs,1
eighty,1
persisted,2
life,20
wash,2
affair,1
prison,5
bats,4
crowd,5
owner,1
spoil,1
cooked,3
two,95
consequences,1
rocking,2
such,76
waters,1
jelly,1
obey,2
lapping,1
shoulders,4
shyness,1
themselves,5
stood,23
burbled,1
aged,5
officer,1
twist,3
conveniently,1
pleasure,3
amused,2
off,139
de,3
faults,3
smile,8
coaxing,2
tulip,1
town,8
dive,1
distant,2
letters,2
throw,6
told,9
heads,14
does,22
shutting,3
curving,1
hed,1
son,2
start,2
monster,6
had,314
number,12
quickly,8
corkscrews,1
sneezing,6
worry,1
civil,7
brothers,4
as,578
pursed,1
grassy,1
dyou,1
whiles,1
happening,2
word,25
monstrous,2
disgrace,1
lesson,3
ashes,5
managing,1
presented,1
quarrelling,2
explanation,3
kitchen,4
people,26
simpleton,1
remarked,36
nest,3
pardoned,1
scaly,1
thoughts,7
laughed,7
account,1
pen,1
fetch,10
succeeded,5
rather,62
knowledge,3
merry,1
anywhere,1
pull,2
opera,1
chimneys,2
wonderfully,2
ointment,1
suggested,2
pairs,2
remain,7
obliged,5
buffalo,1
dinah'll,2
loaded,1
crawling,2
understand,15
conquest,1
gallons,1
tumbled,4
various,1
plenty,10
introduced,3
soon,42
king's,2
poem,3
footstep,1
theyre,10
trains,1
knows,3
wants,4
put,64
altogether,6
it,1094
eggs,6
calmer,2
lolling,1
queer,18
verse,7
lizard,5
hot,11
glorious,1
another,54
sand,3
shady,1
pies,1
shell,3
mark,5
sting,1
darlings,1
hint,3
added,44
severe,2
today,1
chose,2
hm,1
sleeves,1
running,19
hundred,8
gloomily,1
happened,24
sideways,1
removed,2
inclined,2
always,43
deep,13
macassar,1
fuss,1
rise,5
cunning,1
jokes,1
around,3
trials,1
sixteenth,1
noticed,14
somebodys,1
tying,2
introducing,1
forks,1
handing,1
meaning,13
fitted,3
ladder,1
brooch,4
herself,158
gyroscope,1
chin,10
kills,1
pulled,4
arm,24
proceed,2
dates,1
murdering,1
short,8
muttering,4
into,138
hastily,23
pat,4
later,2
melancholy,10
legs,5
shouldnt,13
denies,1
helped,2
past,5
goose,3
squeaked,2
complain,2
editions,2
scent,1
repeated,25
frothy,1
deserved,2
besides,8
examining,1
principally,1
broken,8
holiday,1
toys,1
horse,22
hoping,8
waistcoat,3
happy,5
peoples,1
gloves,11
direction,9
skipping,1
spirited,2
knot,2
farm,1
cur,1
wealth,2
axes,1
fancy,8
gliding,1
undertone,2
laugh,7
riper,1
dusted,1
boys,1
croqueting,1
companion,1
anklets,1
bow,3
breeze,1
advantage,4
distinguish,1
ashamed,4
letter,4
fellow,5
peering,1
crumbs,4
few,16
comfortably,4
twiddle,1
fish,16
dropped,6
setting,2
did,118
startled,5
snorting,1
curls,1
passed,8
smokes,1
reason,14
starting,1
lid,2
feast,2
most,20
chain,1
received,1
send,3
but,372
queerly,1
velvet,1
untwist,1
ends,3
puzzle,2
stupidest,1
ground,20
planted,1
antipathies,1
extinguishers,1
design,1
minded,2
clasped,3
either,15
choice,3
emom,1
half,38
ye,2
on,442
flurry,1
finished,18
panted,7
known,3
lad,1
stalks,1
trusts,1
days,9
boat,11
pleases,1
shawl,9
glasses,3
goes,18
none,11
pleasanter,1
magic,1
fourth,4
upside,3
bites,1
glided,3
gracefully,1
onions,1
ysmim,1
capital,4
patting,1
bound,3
arguments,1
london,1
least,17
acceptance,1
it'll,8
solemnly,6
leaves,12
writing,9
flat,5
step,1
mayn't,1
joke,7
written,10
evening,7
losing,2
aid],1
good,65
pot,1
___,1
bye,7
haddocks,2
authority,2
rome,2
protection,1
milk,5
v,2
stays,1
brushing,1
pattering,3
saved,1
servants,2
wiggling,1
chapter,24
tweedle,2
appeared,9
tossing,3
won,3
stroked,1
billows,1
stop,12
swallow,1
deed,1
accustomed,1
peg,5
three,46
attempt,1
remembering,1
pretended,2
tis,5
neat,3
ceiling,4
knees,4
poems,1
tidy,4
unhappiness,1
conqueror,2
conversations,2
given,3
coward,1
gardeners,8
at,442
released,1
tassel,1
schoolroom,1
savage,4
whistle,2
chooses,1
declared,1
hearing,5
uncommon,1
witness,10
sister's,1
hyaena,1
red,72
feeling,12
clutched,1
whispered,12
chuckled,1
personal,2
turk,1
became,2
leave,22
label,2
pump,1
dispute,2
cheaper,1
office,2
dozing,1
hearts,8
knocking,5
rock,2
treated,1
summer,6
drawing,3
fingers,6
natured,3
toffee,1
decision,1
mist,2
went,171
singers,2
relieved,3
interrupted,24
watched,10
bright,16
wandered,3
earlier,1
sharks,2
fumbled,1
eye,12
until,6
handsome,2
muttered,5
sensible,2
shock,1
mouth,23
theyd,5
shouting,5
others,10
quite,117
struck,5
eel,3
front,7
dress,3
myself,14
cardboard,1
dismal,1
giddy,6
gentle,5
learning,3
hill,14
caterpillar's,1
shrink,1
invention,8
fawn,6
tipple,1
purred,2
hoarse,8
dressed,6
song,22
share,1
consequence,2
carry,4
cats,14
addition,3
c,2
knelt,1
pig,12
extremely,4
inquired,4
whistling,3
charges,1
its,182
groan,1
quarter,1
shyly,2
passionately,1
aglow,1
rugs,1
rose,15
excuses,2
elbow,5
houses,1
groaned,2
trumpet,4
slippery,1
home,10
affectionately,2
wagging,1
singing,6
judge,4
boxed,1
echoed,1
where,34
rested,2
pointed,4
laughter,2
having,20
purchase,1
table,38
anger,2
hurricane,1
fallen,5
fatter,2
size,17
stamp,1
wanted,13
mabel,4
staring,3
majestys,1
flavour,1
dunce,1
sugar,4
turkey,1
shun,1
rolling,5
oop,7
jumped,11
loose,2
series,2
greater,1
tops,1
company,1
march,34
stuffed,1
vainly,2
way,123
waiting,12
familiarly,1
checked,4
asleep,12
suet,1
nodded,2
convenient,1
lower,3
eer,1
kings,8
housemaid,1
five,20
frightened,22
irons,3
rippling,1
mince,1
badgers,1
jar,2
mome,5
rate,15
invented,5
364,1
beheading,1
bear,2
doing,11
figures,1
long,70
grief,1
chance,7
canvas,1
lessen,1
execute,1
fight,12
flamingoes,2
feelings,5
ran,26
paw,10
scratching,1
began,106
growing,17
liked,9
sticks,4
stroking,1
cried,76
resolutely,1
about,162
are,129
emphasis,2
young,10
smoke,3
panther,3
crossed,8
arms,18
division,1
catch,8
journey,4
17,1
listeners,1
enough,35
neighbouring,1
check,4
quick,9
scornfully,1
tree,30
learn,7
sits,1
thorny,1
disagree,1
growling,1
free,5
fell,18
beat,7
resting,2
time,141
raising,1
knocked,4
six,7
quivered,1
kinder,1
hurt,9
fun,9
shilling,1
dishcover,1
clinging,1
dull,4
happen,18
whole,18
distance,11
natural,7
busily,5
game,18
move,9
arches,4
feeble,2
fury,5
fidgeted,1
hay,6
wool,3
sawdust,1
sending,2
principal,3
thunder,3
fighting,5
ringing,1
violet,1
contradicting,1
lizards,1
result,1
sounded,13
armour,3
verses,4
flappers,1
square,12
foolish,4
parts,1
xi,2
pleasing,2
denied,2
even,35
course,62
out,233
swinging,1
violence,1
fruit,1
impertinent,1
fix,1
falls,1
gravy,2
arrum,1
dog's,1
putting,17
know,213
turtles,2
heavily,1
part,9
though,34
poking,1
many,33
butterflies,1
chessboard,1
ones,9
wake,9
him,108
weve,7
miles,3
easy,10
living,5
[but,1
gnat,18
overheard,1
rudeness,1
careless,3
till,51
hunting,3
offended,15
parchment,2
sadly,8
grinning,2
elsie,1
tipped,1
perplexity,1
plate,3
nor,5
join,12
chosen,2
fancying,1
afford,1
lilys,1
alarmed,2
uneasy,1
moral,8
before,69
cat's,2
[what,1
whiffling,1
willow,1
shadows,1
behead,1
sawt,1
callooh,1
fault,5
towards,8
attending,3
mystery,2
learned,1
sisters,2
sounds,7
roll,1
beckoned,1
ordering,2
neatly,2
repainted,1
growl,4
esq,1
geography,2
bolster,1
desperate,2
interested,1
embroidered,1
fanning,2
nothing,63
fit,8
snack,1
suppress,1
stoop,2
surprise,10
bottle,12
you'll,6
among,28
round,96
messages,2
trotted,2
blaze,2
wandering,4
saxon,5
measuring,1
oil,1
o'clock,3
spoiled,1
buttered,3
his,244
whiskers,6
thoughtfully,11
bending,1
drinking,2
weren't,1
there,179
seems,13
joined,5
occasional,1
mean,32
friendly,1
matters,2
persons,2
flower,6
sharper,1
sleep,8
wherever,3
dancing,6
executes,1
referring,1
vicious,1
pondering,1
thing,82
balance,2
matter,13
pleaded,5
fancied,3
planning,1
hast,1
gryphon,55
darling,2
cards,3
brandy,2
sorry,4
considering,5
positively,1
brushed,2
us,28
lion,18
beckoning,1
tunnel,1
eyed,1
dipped,2
dishes,4
dotted,1
guessing,1
telescopes,1
explain,11
english,9
die,5
treacle,8
after,86
backwards,4
interrupt,3
whatever,7
terrier,1
relate,1
hall,11
traps,1
contempt,2
stretched,4
candlesticks,1
speech,7
mayor,1
bounding,1
pockets,1
certainly,26
gets,5
[later,2
glue,2
shoulder,10
patted,1
snow,5
headlong,1
cannot,3
border,1
fender,3
subdued,1
leg,4
sound,5
wonderful,2
evidence,7
towns,1
stolen,1
insects,6
sulkily,5
shiver,1
doubtfully,6
wig,2
ear,21
accents,1
alices,21
i've,34
rolls,1
sir,10
damp,1
attempts,1
than,59
they,274
unicorns,1
understood,2
energetic,1
pleasant,5
elegant,1
allowed,1
fall,18
funny,4
slipped,4
lids,1
plan,12
stormy,1
glanced,3
getting,50
shifting,1
nursing,3
sap,1
quarrel,4
difficulties,1
executions,2
cottages,1
vorpal,2
under,38
manners,5
burst,1
settle,3
murmured,2
drum,1
dreadful,5
heroes,1
tumbles,1
pencil,5
pictured,1
astonishment,2
attentively,1
guinea,6
expression,1
beast,2
victory,1
astonished,4
fourteenth,1
bowed,4
white,97
position,2
respectful,1
rubbed,4
replied,49
rope,1
immediate,1
banging,1
traveller,1
else,23
slower,1
bleat,1
bag,8
unlocking,1
pressing,1
deny,8
frightening,1
lies,1
brain,1
afraid,27
washed,4
honest,1
guess,10
trial,8
fifth,4
conquered,1
brook,12
balances,1
pencils,1
truth,2
discontented,2
executioner's,1
dwindled,1
friends,3
played,2
push,2
fly,9
sevogorob,1
holes,1
breathe,4
panting,5
precious,2
drew,10
comes,8
love,5
which,105
untidy,4
sneezed,1
shan't,6
bellowing,1
smallest,2
star,1
scrambling,3
handle,3
runs,1
begged,1
mushroom,8
latin,1
sauntered,1
adding,1
unfinished,1
w,1
drifting,1
serpent,9
chessmen,3
crooked,2
quantities,2
wouldnt,23
fills,1
ridge,1
hopping,1
unclasping,1
crumpled,1
works,6
wound,1
twinkling,4
also,4
won't,24
sleeping,1
hasnt,1
uncorked,1
hid,1
large,60
frontispiece,1
wood,37
pray,3
relented,1
ribbon,2
mew,1
swallowing,1
hjckrrh,1
vii,2
hears,1
lovely,6
thirty,2
procession,5
hopeful,2
watching,12
mine,11
vexes,1
courses,1
bother,1
gather,1
excellent,2
leaving,2
roots,2
driest,1
pie,4
timid,5
simply,6
beamish,1
uglification,2
grey,1
latitude,2
weeks,1
ago,4
haven't,8
needn't,3
touching,3
lithe,2
pay,2
wheat,1
bunch,2
eyes,69
vi,2
vanishing,1
noises,1
pinched,2
engine,6
let,33
drink,12
ditch,2
seat,1
rub,1
boiling,2
rail,1
tumble,4
names,10
sandwiches,2
voice,86
proudest,1
closer,2
brother,4
conversation,18
cheer,1
slain,2
wins,1
sky,8
licking,2
mischievous,1
blame,1
doesnt,11
up,218
straight,11
upsetting,1
common,2
smoking,2
noble,2
crimson,3
safe,3
honour,6
wages,1
heartily,1
older,3
realler,1
poor,49
ancient,1
squeak,2
childs,1
oneself,2
beauty,1
phantomwise,1
cake,14
somersault,2
man,14
gentleman,3
from,101
edition,2
begin,31
knit,1
blue,3
garden,25
cheeks,4
aint,1
fiddlestick,1
branches,5
paled,1
down,177
choked,4
picking,2
puzzler,1
compliment,2
execution,3
family,1
loveliest,1
civilly,1
stream,2
soo,7
arent,2
point,2
bottom,4
chorus,13
sleepy,9
fashion,2
steadily,1
anybodys,1
groped,1
refreshments,2
carriage,4
we're,2
acres,1
shower,2
mouse,45
dusty,1
act,2
dee,4
365,1
impertinence,1
rounder,3
munched,2
ornamented,2
this,259
uproar,1
menai,1
unimportant,5
in,778
middle,17
travelling,1
archbishop,2
anxiously,22
nights,3
yelled,1
invent,2
sang,4
stops,1
fire,14
fairy,1
voices,10
perfectly,5
flinging,1
sawing,1
eager,8
or,130
wooden,2
held,13
barrel,1
tells,2
fair,3
nibbled,2
deafened,1
shudder,2
microscope,1
forehead,2
gasped,2
impossible,6
undergoing,1
king,122
distinct,1
pattern,1
corners,2
wasnt,12
admittance,1
farther,2
foe,1
chanced,1
carroll,2
wasn't,11
clock,4
nestle,2
tomorrow,1
yawning,3
pity,3
punch,1
bustling,1
found,51
a,1393
person,7
fright,3
should,59
knitting,7
zigzag,1
talk,31
body,6
sealing,2
tumtum,1
grins,1
noticing,3
late,10
pretty,9
collar,5
tweedledum,33
alternately,1
saturday,1
melted,1
flushed,1
weeds,1
uninteresting,1
any,79
prisoner's,1
whom,3
excuse,3
hundreds,1
hadnt,17
maids,1
shout,2
fearfully,2
stupid,7
honey,3
history,11
adoption,1
slate,4
absurd,2
lighted,1
winked,1
haunts,1
snail,3
pretending,4
morsel,1
brass,2
strong,5
un,4
wheres,1
corkscrew,3
desperately,1
humpty,53
giving,6
batter,1
seized,2
cartwheels,1
ful,1
flapper,1
iv,2
oyster,5
list,5
contrariwise,5
manxome,1
retorted,1
alone,9
attention,2
privilege,1
hive,2
excitement,3
audibly,1
decanters,1
accident,3
howling,3
greedily,1
toves,5
shriek,5
ootiful,4
splashing,2
galumphing,1
wheels,2
shine,1
proudly,1
explanations,1
trims,1
poured,1
frames,1
howled,1
resistance,1
shaped,4
say,106
derision,1
etiquette,1
maps,1
grumbled,1
cat,37
tiptoe,3
tigers,1
care,12
call,24
lest,1
hookah,5
satisfied,2
prattled,1
needs,1
promising,1
inconvenient,1
alice's,12
tweedledums,1
feasts,2
shared,1
lullabies,1
bill,13
imperial,2
listen,10
teaching,1
reminds,2
otherwise,5
custard,1
lady,6
aiming,1
minute,47
wearily,2
pardon,9
magpie,1
cheered,3
mentioned,3
sob,1
northumbria,2
hedgehog,7
hands,52
lazily,2
surprised,18
mention,3
wings,8
mountains,1
leads,2
ball,6
placed,2
coming,20
fastening,1
crashing,1
marking,1
impenetrability,2
scarcely,2
gauze,1
sit,13
with,402
spoilt,1
inventing,4
lightning,3
thatll,2
terror,2
muscular,1
morning,9
buttons,4
rattle,7
no,157
cleverest,1
tune,2
righthand,1
visitors,1
blades,1
forepaws,1
whiter,1
fade,3
remarking,3
got,112
teacups,2
hatters,1
higher,1
flown,2
grace,1
unicorn,22
glancing,1
etter,3
throne,1
anybody,5
birthday,7
encourage,2
fond,7
edges,1
attend,1
not,240
weight,1
readily,2
expected,3
hoped,1
were,169
newspapers,1
bushy,1
lost,11
shtar,1
speaking,11
passion,5
met,5
cropping,1
furrow,1
gold,1
disgust,2
memorandum,8
ditto,3
eagerly,17
lifted,6
question,27
walks,2
sweet,2
luckily,3
deaf,2
pretend,8
yawned,2
somethings,1
begun,11
declare,6
flung,2
tall,2
chains,1
trembling,9
weak,3
trotting,3
hobbled,2
offer,2
orange,1
bones,2
hangs,1
coin,1
piece,13
rushes,11
it's,57
offend,1
wrist,1
feel,14
and,1777
ticket,5
curling,1
feebly,2
present,7
eldest,2
i'm,59
grinned,6
remark,24
wear,2
knots,1
nearest,1
footman,13
secret,2
sevot,1
dial,1
mustnt,1
jabberwock,3
find,40
disbelieve,1
exactly,21
shy,4
yours,5
face,34
briny,1
bell,5
loneliness,1
bleeds,1
beetle,2
trick,3
gasp,1
cackled,1
chair,8
some,106
twenty,4
rivers,1
idea,26
admiring,1
cooing,1
hire,1
axis,1
cattle,1
wouldn't,13
resource,1
feed,2
only,144
sandwich,3
bottles,1
seldom,1
somebody,9
unrolled,2
next,57
bowing,1
ignorant,2
invite,4
mops,1
he,332
chicken,2
rules,5
wretched,2
therefore,1
trifle,2
hers,5
mary,4
xii,2
conger,1
spite,3
lumps,1
high,21
came,89
favoured,1
em,8
during,1
possibly,6
money,2
sorrows,1
scornful,1
educations,1
yards,8
dreamy,1
provided,1
thirst,1
submitted,1
belongs,4
cool,3
hits,1
jaws,3
very,292
fishes,10
father,6
writhing,1
cravat,3
yard,2
over,93
may,34
together,21
shingle,1
shade,2
mutton,9
imagine,2
more,111
slice,4
shorter,4
warm,3
breaking,3
sage,1
fireplace,3
upset,4
dees,1
thoroughly,4
become,6
shrieks,2
flap,1
open,20
kinds,4
characters,1
drowned,2
bewilderment,1
particular,5
stockings,1
fortunately,1
ours,1
clapping,3
measurements,1
weep,2
spent,1
cross,4
flowers,10
counting,3
measure,1
hurrying,1
dainties,1
struggled,2
needed,1
confusion,7
mumblingly,1
throwing,3
sharing,1
tea,25
failed,1
concluded,2
fluttering,1
sobbing,3
asking,10
paws,5
waiter,1
felt,40
misses,1
hurry,12
appealed,1
fact,15
holding,11
eht,4
wander,1
breakfast,2
dogs,5
cauldron,2
hansom,1
hes,8
hush,5
spot,1
fits,1
hunted,1
rapped,1
ambition,1
was,714
ma'am,1
chatte,1
boots,5
cheshire,7
elbmig,1
roofs,1
floor,6
effect,4
players,4
duchess,39
for,352
ham,2
we've,2
worth,9
drop,3
quantity,3
compared,2
lewis,2
knocks,1
plunged,1
puppy's,1
violent,2
becoming,1
curious,27
thump,6
undoing,1
h,4
calling,2
scented,3
apples,2
everything,19
sentence,9
lobsters,7
unsatisfactory,2
completely,2
visit,3
paid,1
escape,4
trembled,3
bitter,2
borogove,1
dish,19
hasn't,2
joy,1
shop,7
jurors,4
knight,57
whats,13
disappointment,1
room,27
worm,1
raisin,1
me,164
trickled,3
wet,4
barrowful,2
maid,1
scale,1
gladly,1
inch,1
hole,5
bunches,2
majesty,20
purr,5
those,19
subject,14
honestly,1
roast,2
change,16
lasted,2
rejoice,2
easiest,1
tale,7
inside,2
couple,2
like,209
rabbit,47
flying,6
lot,2
hungry,5
objection,1
eleventh,1
lions,1
beneath,1
atheling,1
x,2
chrysalis,1
treasures,1
adjourn,1
begins,5
doorway,2
them,177
consultation,1
sensation,2
missed,4
altering,1
argument,11
kid,5
teacup,3
loving,1
vanished,7
busy,2
fig,1
indignant,2
muchness,3
linked,1
moderate,1
gave,31
wag,1
hatter,55
killed,1
black,5
carving,1
conjuring,2
hopeless,1
poker,2
diligently,2
hattas,1
light,3
stopped,9
return,4
neck,17
sister,13
tones,2
hat,1
unpleasant,3
[and,2
tricks,1
blown,4
servant,2
severity,2
livery,3
punish,2
evidently,6
flies,1
pin,3
juror,1
plum,9
broad,1
while,49
sixty,4
crowded,6
roughly,1
waiters,3
worsted,5
guessed,4
oblong,1
tickled,1
because,45
thanked,3
particularly,1
skurried,1
beloved,1
examine,2
folding,1
flamingo,5
whispering,1
tart,1
mild,4
duck,4
cakes,4
pounds,6
contemptuously,4
slyly,1
accusation,1
wough,1
our,17
twopence,3
[she,1
cough,1
gained,1
cup,3
nests,1
fold,2
delightful,2
graceful,1
haigha,10
confusing,4
ykcowrebbaj,1
changed,11
penny,1
soldiers,14
plaster,2
naturedly,2
fading,1
oddly,1
yourself,21
needles,8
work,14
mile,4
unfolded,2
lobster,7
favour,1
described,2
usually,2
head's,1
fourteen,1
pause,10
comfortable,2
hope,17
lessons,16
executed,6
reaching,1
note,2
gently,17
'tis,2
splash,1
beasts,2
rude,3
live,20
dont,80
men,9
hug,3
there's,24
injure,1
between,10
hardly,23
loaf,3
scuttles,1
window,15
simple,6
seizing,1
exactually,1
warmth,1
opinion,2
heaps,2
trap,2
every,31
barking,1
goats,1
sense,5
need,1
chop,1
invited,2
street,1
school,6
moved,5
occurred,2
lingering,2
confess,3
monsters,2
jabberwocky,2
used,18
lives,6
bang,2
darker,2
thou,1
upwards,1
race,6
now,141
sorts,5
recognised,1
downwards,3
thinner,1
spell,2
dressing,2
saving,1
rising,2
dodged,1
cheerfully,4
kindness,2
message,2
delighted,2
dancers,1
cautiously,5
curtain,1
curly,1
rocked,1
dine,1
cheese,1
sneeze,3
my,133
accounts,2
ears,9
doze,1
carried,6
bathing,1
unto,1
denying,2
working,2
walk,13
seven,15
here,109
blows,3
hate,3
gay,1
knock,3
obstacle,1
brightened,3
lit,1
blowing,1
goat,2
croqueted,1
suit,3
age,8
sieve,1
gust,1
grander,1
mounted,2
vexed,3
everythings,1
songs,1
happens,8
remove,2
scream,7
[he,1
tear,3
tittered,1
feared,3
led,6
moaned,2
vague,1
desk,1
never,105
words,34
taller,3
royal,2
noise,8
tasted,3
daresay,5
wept,2
rabbit's,4
jack,1
tuesday,1
knolls,1
youth,6
lighting,1
hurriedly,2
thoughtful,5
ended,4
third,2
roof,7
fiddle,4
volcano,2
lacie,1
dinah's,1
devoured,1
galloping,1
discouraged,1
playing,4
caused,2
comforted,1
top,20
pant,1
pretexts,1
alice,820
pick,5
mulberry,1
advice,5
mayhap,1
one's,1
limbs,1
peep,1
denial,1
rightly,1
humble,2
bran,1
provoking,7
cabbages,1
chiefly,2
cloth,1
deepest,2
uneasily,2
once,54
neither,4
how,124
burning,2
is,234
health,4
presently,2
shoes,9
anything,38
shrill,10
angrily,13
wonders,1
undone,3
effort,2
tide,1
excited,2
admire,1
chief,1
properly,2
dnagillirb,1
somewhere,8
blew,5
unless,6
death,1
grasshopper,1
mixing,1
oughtnt,1
daisy,3
winding,2
porpoise,4
pigs,8
still,33
clever,6
hearthrug,1
fast,20
ive,23
fed,1
flustered,1
histories,1
shillings,1
believe,22
crown,12
that's,34
lived,3
consented,1
complained,1
signed,2
let's,5
serious,2
driver,1
examination,2
coast,1
learnt,2
these,21
ourselves,1
blade,2
buttercup,1
dig,2
writes,1
different,15
pins,2
eels,1
